id,user_id,bag_id,created_at,updated_at,completed_at,cancelled_at,,,,
534,29,HTTP://BBQR.IO/BQSOR05768,07/03/2020 16:56,07/03/2020 16:56,NULL,NULL,NULL,NULL,NULL,NULL
444,159,HTTP://BBQR.IO/BQSOR05127,03/03/2020 13:42,03/03/2020 13:42,NULL,03/03/2020 13:42,NULL,NULL,NULL,NULL
458,159,HTTP://BBQR.IO/BQSOR05125,04/03/2020 12:28,04/03/2020 13:22,NULL,04/03/2020 13:22,NULL,NULL,NULL,NULL
456,562,HTTP://BBQR.IO/BQSOR05184,04/03/2020 12:26,04/03/2020 12:52,NULL,04/03/2020 12:52,NULL,NULL,NULL,NULL
459,562,HTTP://BBQR.IO/BQSOR05184,04/03/2020 13:18,04/03/2020 13:25,NULL,04/03/2020 13:25,NULL,NULL,NULL,NULL
892,562,HTTP://BBQR.IO/BQBET01588,15/03/2020 13:19,15/03/2020 15:44,NULL,15/03/2020 15:44,NULL,NULL,NULL,NULL
921,562,HTTP://BBQR.IO/BQSOR05125,16/03/2020 09:18,19/03/2020 11:32,NULL,19/03/2020 11:32,NULL,NULL,NULL,NULL
1007,562,HTTP://BBQR.IO/BQBET05906,19/03/2020 12:53,19/03/2020 12:53,NULL,NULL,NULL,NULL,NULL,NULL
460,1055,HTTP://BBQR.IO/BQSOR04971,04/03/2020 13:20,04/03/2020 17:38,NULL,04/03/2020 17:38,NULL,NULL,NULL,NULL
650,1125,HTTP://BBQR.IO/BQBAJ20771,10/03/2020 14:02,10/03/2020 14:03,NULL,10/03/2020 14:03,NULL,NULL,NULL,NULL
651,1125,HTTP://BBQR.IO/BQBAJ20771,10/03/2020 14:03,10/03/2020 14:03,NULL,10/03/2020 14:03,NULL,NULL,NULL,NULL
652,1125,HTTP://BBQR.IO/BQBAJ20771,10/03/2020 14:03,10/03/2020 14:03,NULL,10/03/2020 14:03,NULL,NULL,NULL,NULL
653,1125,HTTP://BBQR.IO/BQBAJ20771,10/03/2020 14:04,10/03/2020 14:04,NULL,10/03/2020 14:04,NULL,NULL,NULL,NULL
654,1125,HTTP://BBQR.IO/BQBAJ20771,10/03/2020 14:04,10/03/2020 14:04,NULL,10/03/2020 14:04,NULL,NULL,NULL,NULL
655,1125,HTTP://BBQR.IO/BQBAJ20771,10/03/2020 14:06,10/03/2020 14:06,NULL,10/03/2020 14:06,NULL,NULL,NULL,NULL
656,1125,HTTP://BBQR.IO/BQBAJ20771,10/03/2020 14:06,10/03/2020 14:06,NULL,10/03/2020 14:06,NULL,NULL,NULL,NULL
496,1153,HTTP://BBQR.IO/BQTBD01310,06/03/2020 15:45,06/03/2020 15:46,NULL,06/03/2020 15:46,NULL,NULL,NULL,NULL
569,1153,HTTP://BBQR.IO/BQTBD01310,09/03/2020 09:59,09/03/2020 11:44,NULL,09/03/2020 11:44,NULL,NULL,NULL,NULL
581,1153,HTTP://BBQR.IO/BQSOR05134,09/03/2020 12:28,09/03/2020 13:03,NULL,09/03/2020 13:03,NULL,NULL,NULL,NULL
585,1153,HTTP://BBQR.IO/BQSOR05134,09/03/2020 13:03,09/03/2020 13:19,NULL,09/03/2020 13:19,NULL,NULL,NULL,NULL
588,1153,HTTP://BBQR.IO/BQSOR05134,09/03/2020 13:19,09/03/2020 13:19,NULL,09/03/2020 13:19,NULL,NULL,NULL,NULL
591,1153,HTTP://BBQR.IO/BQBET01614,09/03/2020 13:46,09/03/2020 13:47,NULL,09/03/2020 13:47,NULL,NULL,NULL,NULL
592,1153,HTTP://BBQR.IO/BQBET01018,09/03/2020 13:48,09/03/2020 13:49,NULL,09/03/2020 13:49,NULL,NULL,NULL,NULL
596,1153,HTTP://BBQR.IO/BQSOR05134,09/03/2020 15:13,09/03/2020 15:54,NULL,09/03/2020 15:54,NULL,NULL,NULL,NULL
614,1153,HTTP://BBQR.IO/BQSOR05134,09/03/2020 18:07,09/03/2020 18:08,NULL,09/03/2020 18:08,NULL,NULL,NULL,NULL
660,1153,HTTP://BBQR.IO/BQBET01588,10/03/2020 15:39,10/03/2020 15:50,NULL,10/03/2020 15:50,NULL,NULL,NULL,NULL
663,1153,HTTP://BBQR.IO/BQSOR05080,10/03/2020 16:47,10/03/2020 16:47,NULL,10/03/2020 16:47,NULL,NULL,NULL,NULL
664,1153,HTTP://BBQR.IO/BQSOR05080,10/03/2020 16:47,10/03/2020 16:48,NULL,10/03/2020 16:48,NULL,NULL,NULL,NULL
665,1153,HTTP://BBQR.IO/BQSOR05080,10/03/2020 16:48,10/03/2020 16:49,NULL,10/03/2020 16:49,NULL,NULL,NULL,NULL
666,1153,HTTP://BBQR.IO/BQSOR05080,10/03/2020 16:49,10/03/2020 16:49,NULL,10/03/2020 16:49,NULL,NULL,NULL,NULL
667,1153,HTTP://BBQR.IO/BQSOR05080,10/03/2020 16:49,10/03/2020 16:50,NULL,10/03/2020 16:50,NULL,NULL,NULL,NULL
668,1153,HTTP://BBQR.IO/BQSOR05080,10/03/2020 16:50,10/03/2020 16:50,NULL,10/03/2020 16:50,NULL,NULL,NULL,NULL
669,1153,HTTP://BBQR.IO/BQSOR05080,10/03/2020 16:50,10/03/2020 16:50,NULL,10/03/2020 16:50,NULL,NULL,NULL,NULL
670,1153,HTTP://BBQR.IO/BQSOR05080,10/03/2020 16:50,10/03/2020 16:51,NULL,10/03/2020 16:51,NULL,NULL,NULL,NULL
671,1153,HTTP://BBQR.IO/BQSOR05080,10/03/2020 16:51,10/03/2020 16:51,NULL,10/03/2020 16:51,NULL,NULL,NULL,NULL
431,1169,HTTP://BBQR.IO/BQSOR05080,02/03/2020 09:27,02/03/2020 09:27,NULL,02/03/2020 09:27,NULL,NULL,NULL,NULL
445,1169,HTTP://BBQR.IO/BQSOR05080,03/03/2020 15:37,03/03/2020 16:06,NULL,03/03/2020 16:06,NULL,NULL,NULL,NULL
447,1169,HTTP://BBQR.IO/BQSOR05080,03/03/2020 16:06,03/03/2020 16:06,NULL,03/03/2020 16:06,NULL,NULL,NULL,NULL
448,1169,HTTP://BBQR.IO/BQSOR05080,03/03/2020 16:06,03/03/2020 16:06,NULL,03/03/2020 16:06,NULL,NULL,NULL,NULL
449,1169,HTTP://BBQR.IO/BQSOR05080,03/03/2020 16:07,03/03/2020 16:07,NULL,03/03/2020 16:07,NULL,NULL,NULL,NULL
455,1169,HTTP://BBQR.IO/BQSOR05080,04/03/2020 12:24,04/03/2020 12:41,NULL,04/03/2020 12:41,NULL,NULL,NULL,NULL
462,1169,HTTP://BBQR.IO/BQSOR05080,04/03/2020 16:04,04/03/2020 16:32,NULL,04/03/2020 16:32,NULL,NULL,NULL,NULL
466,1169,HTTP://BBQR.IO/BQSOR05080,05/03/2020 08:52,05/03/2020 08:52,NULL,05/03/2020 08:52,NULL,NULL,NULL,NULL
467,1169,HTTP://BBQR.IO/BQSOR05080,05/03/2020 08:54,05/03/2020 08:59,NULL,05/03/2020 08:59,NULL,NULL,NULL,NULL
468,1169,HTTP://BBQR.IO/BQSOR05080,05/03/2020 08:59,05/03/2020 09:07,NULL,05/03/2020 09:07,NULL,NULL,NULL,NULL
473,1169,HTTP://BBQR.IO/BQSOR05080,05/03/2020 11:16,05/03/2020 11:16,NULL,05/03/2020 11:16,NULL,NULL,NULL,NULL
474,1169,HTTP://BBQR.IO/BQSOR05080,05/03/2020 11:16,05/03/2020 11:45,NULL,05/03/2020 11:45,NULL,NULL,NULL,NULL
476,1169,HTTP://BBQR.IO/BQSOR05080,05/03/2020 12:43,05/03/2020 13:41,NULL,05/03/2020 13:41,NULL,NULL,NULL,NULL
477,1169,HTTP://BBQR.IO/BQSOR05080,05/03/2020 14:23,05/03/2020 14:23,NULL,05/03/2020 14:23,NULL,NULL,NULL,NULL
479,1169,HTTP://BBQR.IO/BQSOR05080,05/03/2020 15:37,05/03/2020 20:08,NULL,05/03/2020 20:08,NULL,NULL,NULL,NULL
494,1169,HTTP://BBQR.IO/BQTBD01310,06/03/2020 15:42,06/03/2020 15:42,NULL,NULL,NULL,NULL,NULL,NULL
457,1170,HTTP://BBQR.IO/BQSOR04989,04/03/2020 12:27,04/03/2020 12:36,NULL,04/03/2020 12:36,NULL,NULL,NULL,NULL
535,1170,HTTP://BBQR.IO/BQSOR05455,07/03/2020 16:57,07/03/2020 16:57,NULL,NULL,NULL,NULL,NULL,NULL
491,1171,HTTP://BBQR.IO/BQSOR05376,06/03/2020 12:44,06/03/2020 13:06,NULL,06/03/2020 13:06,NULL,NULL,NULL,NULL
461,1173,HTTP://BBQR.IO/BQSOR02400,04/03/2020 14:51,04/03/2020 15:34,NULL,04/03/2020 15:34,NULL,NULL,NULL,NULL
440,1175,HTTP://BBQR.IO/BQSOR02399,03/03/2020 09:40,03/03/2020 10:17,NULL,03/03/2020 10:17,NULL,NULL,NULL,NULL
436,1180,HTTP://BBQR.IO/BQSOR05120,02/03/2020 17:01,02/03/2020 18:18,NULL,02/03/2020 18:18,NULL,NULL,NULL,NULL
443,1180,HTTP://BBQR.IO/BQSOR05120,03/03/2020 12:43,03/03/2020 13:54,NULL,03/03/2020 13:54,NULL,NULL,NULL,NULL
450,1180,HTTP://BBQR.IO/BQSOR05120,03/03/2020 17:08,03/03/2020 18:16,NULL,03/03/2020 18:16,NULL,NULL,NULL,NULL
493,1180,HTTP://BBQR.IO/BQSOR05120,06/03/2020 13:23,06/03/2020 14:27,NULL,06/03/2020 14:27,NULL,NULL,NULL,NULL
497,1180,HTTP://BBQR.IO/BQSOR05120,06/03/2020 15:50,06/03/2020 16:35,NULL,06/03/2020 16:35,NULL,NULL,NULL,NULL
548,1180,HTTP://BBQR.IO/BQSOR05120,08/03/2020 12:47,08/03/2020 13:43,NULL,08/03/2020 13:43,NULL,NULL,NULL,NULL
434,1181,HTTP://BBQR.IO/BQSOR05151,02/03/2020 12:37,02/03/2020 13:17,NULL,02/03/2020 13:17,NULL,NULL,NULL,NULL
438,1181,HTTP://BBQR.IO/BQSOR05151,02/03/2020 23:35,03/03/2020 00:16,NULL,03/03/2020 00:16,NULL,NULL,NULL,NULL
442,1181,HTTP://BBQR.IO/BQSOR05151,03/03/2020 11:48,03/03/2020 12:23,NULL,03/03/2020 12:23,NULL,NULL,NULL,NULL
464,1181,HTTP://BBQR.IO/BQSOR05151,05/03/2020 05:13,05/03/2020 05:53,NULL,05/03/2020 05:53,NULL,NULL,NULL,NULL
480,1181,HTTP://BBQR.IO/BQSOR05151,05/03/2020 16:03,05/03/2020 17:07,NULL,05/03/2020 17:07,NULL,NULL,NULL,NULL
488,1181,HTTP://BBQR.IO/BQSOR05151,06/03/2020 05:18,06/03/2020 07:30,NULL,06/03/2020 07:30,NULL,NULL,NULL,NULL
498,1181,HTTP://BBQR.IO/BQSOR05151,06/03/2020 16:09,06/03/2020 17:18,NULL,06/03/2020 17:18,NULL,NULL,NULL,NULL
527,1181,HTTP://BBQR.IO/BQSOR05151,07/03/2020 12:40,07/03/2020 13:31,NULL,07/03/2020 13:31,NULL,NULL,NULL,NULL
541,1181,HTTP://BBQR.IO/BQSOR05151,07/03/2020 23:36,08/03/2020 00:28,NULL,08/03/2020 00:28,NULL,NULL,NULL,NULL
582,1181,HTTP://BBQR.IO/BQSOR05151,09/03/2020 12:28,09/03/2020 13:13,NULL,09/03/2020 13:13,NULL,NULL,NULL,NULL
622,1181,HTTP://BBQR.IO/BQSOR05151,09/03/2020 23:43,10/03/2020 00:24,NULL,10/03/2020 00:24,NULL,NULL,NULL,NULL
645,1181,HTTP://BBQR.IO/BQSOR05151,10/03/2020 12:32,10/03/2020 13:34,NULL,10/03/2020 13:34,NULL,NULL,NULL,NULL
807,1186,HTTP://BBQR.IO/BQSOR02404,13/03/2020 08:25,13/03/2020 08:25,NULL,NULL,NULL,NULL,NULL,NULL
537,1187,HTTP://BBQR.IO/BQSOR02247,07/03/2020 17:29,07/03/2020 19:06,NULL,07/03/2020 19:06,NULL,NULL,NULL,NULL
570,1187,HTTP://BBQR.IO/BQSOR02247,09/03/2020 11:33,09/03/2020 15:11,NULL,09/03/2020 15:11,NULL,NULL,NULL,NULL
906,1187,HTTP://BBQR.IO/BQSOR02247,15/03/2020 17:54,15/03/2020 20:13,NULL,15/03/2020 20:13,NULL,NULL,NULL,NULL
435,1189,HTTP://BBQR.IO/BQSOR05183,02/03/2020 16:05,02/03/2020 16:52,NULL,02/03/2020 16:52,NULL,NULL,NULL,NULL
439,1189,HTTP://BBQR.IO/BQSOR05183,03/03/2020 07:51,03/03/2020 08:26,NULL,03/03/2020 08:26,NULL,NULL,NULL,NULL
446,1189,HTTP://BBQR.IO/BQSOR05183,03/03/2020 15:38,03/03/2020 16:11,NULL,03/03/2020 16:11,NULL,NULL,NULL,NULL
453,1189,HTTP://BBQR.IO/BQSOR05183,04/03/2020 07:53,04/03/2020 08:26,NULL,04/03/2020 08:26,NULL,NULL,NULL,NULL
463,1189,HTTP://BBQR.IO/BQSOR05183,04/03/2020 17:01,04/03/2020 17:38,NULL,04/03/2020 17:38,NULL,NULL,NULL,NULL
465,1189,HTTP://BBQR.IO/BQSOR05183,05/03/2020 07:53,05/03/2020 08:26,NULL,05/03/2020 08:26,NULL,NULL,NULL,NULL
489,1189,HTTP://BBQR.IO/BQSOR05183,06/03/2020 07:55,06/03/2020 08:23,NULL,06/03/2020 08:23,NULL,NULL,NULL,NULL
495,1189,HTTP://BBQR.IO/BQSOR05183,06/03/2020 15:44,06/03/2020 16:45,NULL,06/03/2020 16:45,NULL,NULL,NULL,NULL
543,1189,HTTP://BBQR.IO/BQSOR05183,08/03/2020 09:48,08/03/2020 10:30,NULL,08/03/2020 10:30,NULL,NULL,NULL,NULL
547,1189,HTTP://BBQR.IO/BQSOR05183,08/03/2020 12:04,08/03/2020 13:13,NULL,08/03/2020 13:13,NULL,NULL,NULL,NULL
549,1189,HTTP://BBQR.IO/BQSOR05183,08/03/2020 13:21,08/03/2020 13:52,NULL,08/03/2020 13:52,NULL,NULL,NULL,NULL
561,1189,HTTP://BBQR.IO/BQSOR05183,09/03/2020 07:58,09/03/2020 08:36,NULL,09/03/2020 08:36,NULL,NULL,NULL,NULL
626,1189,HTTP://BBQR.IO/BQSOR05183,10/03/2020 07:55,10/03/2020 08:29,NULL,10/03/2020 08:29,NULL,NULL,NULL,NULL
704,1189,HTTP://BBQR.IO/BQSOR05183,11/03/2020 07:55,11/03/2020 08:32,NULL,11/03/2020 08:32,NULL,NULL,NULL,NULL
766,1189,HTTP://BBQR.IO/BQSOR05183,12/03/2020 07:56,12/03/2020 08:38,NULL,12/03/2020 08:38,NULL,NULL,NULL,NULL
433,1190,HTTP://BBQR.IO/BQSOR05174,02/03/2020 12:23,02/03/2020 13:25,NULL,02/03/2020 13:25,NULL,NULL,NULL,NULL
441,1190,HTTP://BBQR.IO/BQSOR05174,03/03/2020 11:04,04/03/2020 10:18,NULL,04/03/2020 10:18,NULL,NULL,NULL,NULL
454,1190,HTTP://BBQR.IO/BQSOR05174,04/03/2020 10:18,05/03/2020 10:18,NULL,05/03/2020 10:18,NULL,NULL,NULL,NULL
469,1190,HTTP://BBQR.IO/BQSOR05174,05/03/2020 10:18,05/03/2020 11:04,NULL,05/03/2020 11:04,NULL,NULL,NULL,NULL
755,1190,HTTP://BBQR.IO/BQSOR05174,11/03/2020 20:10,11/03/2020 21:00,NULL,11/03/2020 21:00,NULL,NULL,NULL,NULL
971,1190,HTTP://BBQR.IO/BQSOR05174,17/03/2020 10:22,17/03/2020 11:19,NULL,17/03/2020 11:19,NULL,NULL,NULL,NULL
432,1192,HTTP://BBQR.IO/BQSOR05123,02/03/2020 11:13,02/03/2020 12:10,NULL,02/03/2020 12:10,NULL,NULL,NULL,NULL
437,1192,HTTP://BBQR.IO/BQSOR05123,02/03/2020 20:26,02/03/2020 21:21,NULL,02/03/2020 21:21,NULL,NULL,NULL,NULL
452,1192,HTTP://BBQR.IO/BQSOR05123,03/03/2020 18:35,06/03/2020 18:55,NULL,06/03/2020 18:55,NULL,NULL,NULL,NULL
503,1192,HTTP://BBQR.IO/BQSOR05123,06/03/2020 18:55,06/03/2020 19:42,NULL,06/03/2020 19:42,NULL,NULL,NULL,NULL
505,1192,HTTP://BBQR.IO/BQSOR05123,06/03/2020 20:59,06/03/2020 21:41,NULL,06/03/2020 21:41,NULL,NULL,NULL,NULL
640,1192,HTTP://BBQR.IO/BQSOR05123,10/03/2020 11:09,10/03/2020 13:43,NULL,10/03/2020 13:43,NULL,NULL,NULL,NULL
648,1192,HTTP://BBQR.IO/BQSOR05123,10/03/2020 13:43,10/03/2020 14:55,NULL,10/03/2020 14:55,NULL,NULL,NULL,NULL
800,1192,HTTP://BBQR.IO/BQSOR05123,12/03/2020 21:23,12/03/2020 22:32,NULL,12/03/2020 22:32,NULL,NULL,NULL,NULL
857,1192,HTTP://BBQR.IO/BQSOR05123,14/03/2020 16:04,14/03/2020 18:45,NULL,14/03/2020 18:45,NULL,NULL,NULL,NULL
875,1192,HTTP://BBQR.IO/BQSOR05123,14/03/2020 20:54,14/03/2020 23:02,NULL,14/03/2020 23:02,NULL,NULL,NULL,NULL
979,1192,HTTP://BBQR.IO/BQBET01027,17/03/2020 16:45,17/03/2020 17:30,NULL,17/03/2020 17:30,NULL,NULL,NULL,NULL
981,1192,HTTP://BBQR.IO/BQBET01027,17/03/2020 17:37,17/03/2020 18:38,NULL,17/03/2020 18:38,NULL,NULL,NULL,NULL
987,1192,HTTP://BBQR.IO/BQBET01027,17/03/2020 22:53,17/03/2020 22:53,NULL,NULL,NULL,NULL,NULL,NULL
451,1194,HTTP://BBQR.IO/BQSOR03974,03/03/2020 18:05,03/03/2020 18:32,NULL,03/03/2020 18:32,NULL,NULL,NULL,NULL
475,1194,HTTP://BBQR.IO/BQSOR03974,05/03/2020 11:43,05/03/2020 11:44,NULL,05/03/2020 11:44,NULL,NULL,NULL,NULL
483,1194,HTTP://BBQR.IO/BQSOR03974,05/03/2020 16:58,05/03/2020 17:00,NULL,05/03/2020 17:00,NULL,NULL,NULL,NULL
484,1194,HTTP://BBQR.IO/BQSOR03974,05/03/2020 17:00,05/03/2020 19:59,NULL,05/03/2020 19:59,NULL,NULL,NULL,NULL
485,1194,HTTP://BBQR.IO/BQSOR03974,05/03/2020 20:00,05/03/2020 20:01,NULL,05/03/2020 20:01,NULL,NULL,NULL,NULL
486,1194,HTTP://BBQR.IO/BQSOR03974,05/03/2020 20:06,05/03/2020 20:06,NULL,05/03/2020 20:06,NULL,NULL,NULL,NULL
487,1194,HTTP://BBQR.IO/BQSOR03974,05/03/2020 20:07,05/03/2020 20:07,NULL,05/03/2020 20:07,NULL,NULL,NULL,NULL
500,1194,HTTP://BBQR.IO/BQSOR03974,06/03/2020 16:59,06/03/2020 18:20,NULL,06/03/2020 18:20,NULL,NULL,NULL,NULL
572,1194,HTTP://BBQR.IO/BQSOR03974,09/03/2020 11:59,09/03/2020 12:03,NULL,09/03/2020 12:03,NULL,NULL,NULL,NULL
574,1194,HTTP://BBQR.IO/BQSOR03974,09/03/2020 12:05,09/03/2020 12:06,NULL,09/03/2020 12:06,NULL,NULL,NULL,NULL
575,1194,HTTP://BBQR.IO/BQSOR03974,09/03/2020 12:06,09/03/2020 12:08,NULL,09/03/2020 12:08,NULL,NULL,NULL,NULL
576,1194,HTTP://BBQR.IO/BQSOR03974,09/03/2020 12:08,09/03/2020 12:08,NULL,09/03/2020 12:08,NULL,NULL,NULL,NULL
577,1194,HTTP://BBQR.IO/BQSOR03974,09/03/2020 12:08,09/03/2020 12:08,NULL,09/03/2020 12:08,NULL,NULL,NULL,NULL
578,1194,HTTP://BBQR.IO/BQSOR03974,09/03/2020 12:08,09/03/2020 12:09,NULL,09/03/2020 12:09,NULL,NULL,NULL,NULL
579,1194,HTTP://BBQR.IO/BQSOR03974,09/03/2020 12:09,09/03/2020 15:08,NULL,09/03/2020 15:08,NULL,NULL,NULL,NULL
600,1194,HTTP://BBQR.IO/BQBET01608,09/03/2020 15:45,09/03/2020 15:46,NULL,09/03/2020 15:46,NULL,NULL,NULL,NULL
602,1194,HTTP://BBQR.IO/BQSOR05080,09/03/2020 15:56,09/03/2020 15:57,NULL,09/03/2020 15:57,NULL,NULL,NULL,NULL
733,1194,HTTP://BBQR.IO/BQSOR05130,11/03/2020 14:27,11/03/2020 14:28,NULL,11/03/2020 14:28,NULL,NULL,NULL,NULL
928,1194,HTTP://BBQR.IO/BQBET01608,16/03/2020 10:48,16/03/2020 10:54,NULL,16/03/2020 10:54,NULL,NULL,NULL,NULL
929,1194,HTTP://BBQR.IO/BQBET01608,16/03/2020 10:54,16/03/2020 10:55,NULL,16/03/2020 10:55,NULL,NULL,NULL,NULL
930,1194,HTTP://BBQR.IO/BQBET01608,16/03/2020 10:55,16/03/2020 10:56,NULL,16/03/2020 10:56,NULL,NULL,NULL,NULL
931,1194,HTTP://BBQR.IO/BQBET01608,16/03/2020 10:56,16/03/2020 10:57,NULL,16/03/2020 10:57,NULL,NULL,NULL,NULL
932,1194,HTTP://BBQR.IO/BQBET01608,16/03/2020 10:57,16/03/2020 13:16,NULL,16/03/2020 13:16,NULL,NULL,NULL,NULL
939,1194,HTTP://BBQR.IO/BQBET01608,16/03/2020 13:17,16/03/2020 13:18,NULL,16/03/2020 13:18,NULL,NULL,NULL,NULL
940,1194,HTTP://BBQR.IO/BQBET01608,16/03/2020 13:18,25/03/2020 17:36,NULL,25/03/2020 17:36,NULL,NULL,NULL,NULL
1049,1194,HTTP://BBQR.IO/BQBET01608,25/03/2020 17:36,25/03/2020 17:37,NULL,25/03/2020 17:37,NULL,NULL,NULL,NULL
1068,1194,HTTP://BBQR.IO/BQBET01608,30/03/2020 15:04,30/03/2020 15:04,NULL,30/03/2020 15:04,NULL,NULL,NULL,NULL
481,1195,HTTP://BBQR.IO/BQTBD01310,05/03/2020 16:48,05/03/2020 16:49,NULL,05/03/2020 16:49,NULL,NULL,NULL,NULL
482,1195,HTTP://BBQR.IO/BQTBD01310,05/03/2020 16:50,05/03/2020 17:06,NULL,05/03/2020 17:06,NULL,NULL,NULL,NULL
599,1195,HTTP://BBQR.IO/BQTBD01310,09/03/2020 15:37,10/03/2020 19:36,NULL,10/03/2020 19:36,NULL,NULL,NULL,NULL
922,1195,HTTP://BBQR.IO/BQTBD01310,16/03/2020 09:19,16/03/2020 09:20,NULL,16/03/2020 09:20,NULL,NULL,NULL,NULL
923,1195,HTTP://BBQR.IO/BQTBD01310,16/03/2020 09:20,16/03/2020 10:41,NULL,16/03/2020 10:41,NULL,NULL,NULL,NULL
927,1195,HTTP://BBQR.IO/BQTBD01310,16/03/2020 10:41,16/03/2020 10:42,NULL,16/03/2020 10:42,NULL,NULL,NULL,NULL
988,1195,HTTP://BBQR.IO/BQTBD01310,17/03/2020 23:45,18/03/2020 11:21,NULL,18/03/2020 11:21,NULL,NULL,NULL,NULL
470,1197,HTTP://BBQR.IO/BQSOR05127,05/03/2020 10:39,05/03/2020 10:39,NULL,05/03/2020 10:39,NULL,NULL,NULL,NULL
604,1197,HTTP://BBQR.IO/BQSOR05134,09/03/2020 16:52,09/03/2020 16:52,NULL,09/03/2020 16:52,NULL,NULL,NULL,NULL
471,1198,HTTP://BBQR.IO/BQEFF1300,05/03/2020 11:00,05/03/2020 11:09,NULL,05/03/2020 11:09,NULL,NULL,NULL,NULL
472,1198,HTTP://BBQR.IO/BQEFF1300,05/03/2020 11:09,05/03/2020 15:19,NULL,05/03/2020 15:19,NULL,NULL,NULL,NULL
478,1198,HTTP://BBQR.IO/BQSOR05132,05/03/2020 15:19,05/03/2020 15:35,NULL,05/03/2020 15:35,NULL,NULL,NULL,NULL
587,1199,HTTP://BBQR.IO/BQSOR05412,09/03/2020 13:18,09/03/2020 13:50,NULL,09/03/2020 13:50,NULL,NULL,NULL,NULL
723,1199,HTTP://BBQR.IO/BQSOR05412,11/03/2020 12:37,11/03/2020 13:38,NULL,11/03/2020 13:38,NULL,NULL,NULL,NULL
730,1199,HTTP://BBQR.IO/BQSOR05412,11/03/2020 14:11,11/03/2020 14:49,NULL,11/03/2020 14:49,NULL,NULL,NULL,NULL
738,1199,HTTP://BBQR.IO/BQSOR05412,11/03/2020 15:34,11/03/2020 16:44,NULL,11/03/2020 16:44,NULL,NULL,NULL,NULL
851,1199,HTTP://BBQR.IO/BQSOR05412,14/03/2020 14:11,14/03/2020 14:52,NULL,14/03/2020 14:52,NULL,NULL,NULL,NULL
870,1199,HTTP://BBQR.IO/BQSOR05412,14/03/2020 18:50,14/03/2020 19:14,NULL,14/03/2020 19:14,NULL,NULL,NULL,NULL
986,1200,HTTP://BBQR.IO/BQSOR05181,17/03/2020 19:49,17/03/2020 19:49,NULL,17/03/2020 19:49,NULL,NULL,NULL,NULL
990,1200,HTTP://BBQR.IO/BQSOR05181,18/03/2020 09:13,18/03/2020 10:11,NULL,18/03/2020 10:11,NULL,NULL,NULL,NULL
518,1201,HTTP://BBQR.IO/BQSOR05413,07/03/2020 08:13,07/03/2020 13:37,NULL,07/03/2020 13:37,NULL,NULL,NULL,NULL
531,1201,HTTP://BBQR.IO/BQSOR05413,07/03/2020 15:49,07/03/2020 17:25,NULL,07/03/2020 17:25,NULL,NULL,NULL,NULL
545,1201,HTTP://BBQR.IO/BQSOR05413,08/03/2020 11:36,08/03/2020 17:36,NULL,08/03/2020 17:36,NULL,NULL,NULL,NULL
553,1201,HTTP://BBQR.IO/BQSOR05413,08/03/2020 18:44,08/03/2020 21:47,NULL,08/03/2020 21:47,NULL,NULL,NULL,NULL
758,1201,HTTP://BBQR.IO/BQSOR05413,11/03/2020 20:58,12/03/2020 02:59,NULL,12/03/2020 02:59,NULL,NULL,NULL,NULL
797,1201,HTTP://BBQR.IO/BQSOR05413,12/03/2020 19:52,12/03/2020 23:57,NULL,12/03/2020 23:57,NULL,NULL,NULL,NULL
814,1201,HTTP://BBQR.IO/BQSOR05413,13/03/2020 12:01,13/03/2020 18:09,NULL,13/03/2020 18:09,NULL,NULL,NULL,NULL
826,1201,HTTP://BBQR.IO/BQSOR05413,13/03/2020 18:11,13/03/2020 19:04,NULL,13/03/2020 19:04,NULL,NULL,NULL,NULL
925,1201,HTTP://BBQR.IO/BQSOR05413,16/03/2020 09:40,16/03/2020 14:06,NULL,16/03/2020 14:06,NULL,NULL,NULL,NULL
942,1201,HTTP://BBQR.IO/BQSOR05413,16/03/2020 14:06,16/03/2020 15:15,NULL,16/03/2020 15:15,NULL,NULL,NULL,NULL
490,1202,HTTP://BBQR.IO/BQSOR05414,06/03/2020 09:53,06/03/2020 11:19,NULL,06/03/2020 11:19,NULL,NULL,NULL,NULL
492,1202,HTTP://BBQR.IO/BQSOR05414,06/03/2020 13:20,06/03/2020 14:08,NULL,06/03/2020 14:08,NULL,NULL,NULL,NULL
524,1203,HTTP://BBQR.IO/BQSOR05401,07/03/2020 12:07,07/03/2020 12:09,NULL,07/03/2020 12:09,NULL,NULL,NULL,NULL
713,1203,HTTP://BBQR.IO/BQSOR05401,11/03/2020 09:25,11/03/2020 10:44,NULL,11/03/2020 10:44,NULL,NULL,NULL,NULL
821,1203,HTTP://BBQR.IO/BQSOR05401,13/03/2020 16:51,13/03/2020 20:08,NULL,13/03/2020 20:08,NULL,NULL,NULL,NULL
502,1204,HTTP://BBQR.IO/BQSOR05532,06/03/2020 18:05,06/03/2020 18:06,NULL,06/03/2020 18:06,NULL,NULL,NULL,NULL
504,1204,HTTP://BBQR.IO/BQSOR05532,06/03/2020 19:37,06/03/2020 20:27,NULL,06/03/2020 20:27,NULL,NULL,NULL,NULL
557,1204,HTTP://BBQR.IO/BQSOR05532,09/03/2020 07:48,09/03/2020 09:02,NULL,09/03/2020 09:02,NULL,NULL,NULL,NULL
603,1204,HTTP://BBQR.IO/BQSOR05532,09/03/2020 16:50,09/03/2020 20:06,NULL,09/03/2020 20:06,NULL,NULL,NULL,NULL
702,1204,HTTP://BBQR.IO/BQSOR05532,11/03/2020 07:49,11/03/2020 09:04,NULL,11/03/2020 09:04,NULL,NULL,NULL,NULL
763,1204,HTTP://BBQR.IO/BQSOR05532,12/03/2020 07:53,12/03/2020 09:10,NULL,12/03/2020 09:10,NULL,NULL,NULL,NULL
499,1205,HTTP://BBQR.IO/BQSOR03974,06/03/2020 16:58,06/03/2020 18:19,NULL,06/03/2020 18:19,NULL,NULL,NULL,NULL
501,1206,HTTP://BBQR.IO/BQSOR05531,06/03/2020 17:49,06/03/2020 17:50,NULL,06/03/2020 17:50,NULL,NULL,NULL,NULL
506,1207,HTTP://BBQR.IO/BQSOR05487,06/03/2020 21:25,06/03/2020 21:25,NULL,06/03/2020 21:25,NULL,NULL,NULL,NULL
516,1207,HTTP://BBQR.IO/BQSOR05487,07/03/2020 07:07,07/03/2020 08:12,NULL,07/03/2020 08:12,NULL,NULL,NULL,NULL
517,1207,HTTP://BBQR.IO/BQSOR05487,07/03/2020 08:13,07/03/2020 12:03,NULL,07/03/2020 12:03,NULL,NULL,NULL,NULL
637,1207,HTTP://BBQR.IO/BQSOR05487,10/03/2020 10:21,10/03/2020 12:33,NULL,10/03/2020 12:33,NULL,NULL,NULL,NULL
691,1207,HTTP://BBQR.IO/BQSOR05487,10/03/2020 20:50,10/03/2020 21:35,NULL,10/03/2020 21:35,NULL,NULL,NULL,NULL
708,1207,HTTP://BBQR.IO/BQSOR05487,11/03/2020 08:09,11/03/2020 09:00,NULL,11/03/2020 09:00,NULL,NULL,NULL,NULL
746,1207,HTTP://BBQR.IO/BQSOR05487,11/03/2020 17:28,11/03/2020 21:06,NULL,11/03/2020 21:06,NULL,NULL,NULL,NULL
762,1207,HTTP://BBQR.IO/BQSOR05487,12/03/2020 07:42,12/03/2020 23:22,NULL,12/03/2020 23:22,NULL,NULL,NULL,NULL
907,1207,HTTP://BBQR.IO/BQSOR05487,15/03/2020 19:10,15/03/2020 20:32,NULL,15/03/2020 20:32,NULL,NULL,NULL,NULL
512,1208,HTTP://BBQR.IO/BQSOR05477,06/03/2020 23:54,09/03/2020 07:54,NULL,09/03/2020 07:54,NULL,NULL,NULL,NULL
559,1208,HTTP://BBQR.IO/BQSOR05477,09/03/2020 07:54,09/03/2020 10:16,NULL,09/03/2020 10:16,NULL,NULL,NULL,NULL
607,1208,HTTP://BBQR.IO/BQSOR05477,09/03/2020 17:30,09/03/2020 17:30,NULL,NULL,NULL,NULL,NULL,NULL
510,1209,HTTP://BBQR.IO/BQSOR05394,06/03/2020 23:01,09/03/2020 10:53,NULL,09/03/2020 10:53,NULL,NULL,NULL,NULL
554,1210,HTTP://BBQR.IO/BQSOR05498,08/03/2020 20:25,08/03/2020 20:25,NULL,08/03/2020 20:25,NULL,NULL,NULL,NULL
560,1210,HTTP://BBQR.IO/BQSOR05498,09/03/2020 07:55,09/03/2020 09:12,NULL,09/03/2020 09:12,NULL,NULL,NULL,NULL
639,1210,HTTP://BBQR.IO/BQSOR05498,10/03/2020 10:50,10/03/2020 11:44,NULL,10/03/2020 11:44,NULL,NULL,NULL,NULL
767,1210,HTTP://BBQR.IO/BQSOR05498,12/03/2020 08:02,12/03/2020 08:58,NULL,12/03/2020 08:58,NULL,NULL,NULL,NULL
915,1210,HTTP://BBQR.IO/BQSOR05498,16/03/2020 07:46,16/03/2020 08:49,NULL,16/03/2020 08:49,NULL,NULL,NULL,NULL
590,1211,HTTP://BBQR.IO/BQSOR05439,09/03/2020 13:40,09/03/2020 13:54,NULL,09/03/2020 13:54,NULL,NULL,NULL,NULL
593,1211,HTTP://BBQR.IO/BQSOR05439,09/03/2020 13:58,09/03/2020 14:05,NULL,09/03/2020 14:05,NULL,NULL,NULL,NULL
681,1211,HTTP://BBQR.IO/BQSOR05439,10/03/2020 18:09,10/03/2020 18:36,NULL,10/03/2020 18:36,NULL,NULL,NULL,NULL
644,1212,HTTP://BBQR.IO/BQSOR05517,10/03/2020 12:16,10/03/2020 12:52,NULL,10/03/2020 12:52,NULL,NULL,NULL,NULL
672,1212,HTTP://BBQR.IO/BQSOR05517,10/03/2020 16:52,10/03/2020 18:07,NULL,10/03/2020 18:07,NULL,NULL,NULL,NULL
727,1212,HTTP://BBQR.IO/BQSOR05517,11/03/2020 13:26,11/03/2020 14:00,NULL,11/03/2020 14:00,NULL,NULL,NULL,NULL
777,1212,HTTP://BBQR.IO/BQSOR05517,12/03/2020 11:44,12/03/2020 12:26,NULL,12/03/2020 12:26,NULL,NULL,NULL,NULL
782,1212,HTTP://BBQR.IO/BQSOR05517,12/03/2020 16:07,12/03/2020 16:51,NULL,12/03/2020 16:51,NULL,NULL,NULL,NULL
853,1212,HTTP://BBQR.IO/BQSOR05517,14/03/2020 15:14,14/03/2020 16:10,NULL,14/03/2020 16:10,NULL,NULL,NULL,NULL
521,1213,HTTP://BBQR.IO/BQSOR05491,07/03/2020 09:19,07/03/2020 09:55,NULL,07/03/2020 09:55,NULL,NULL,NULL,NULL
538,1213,HTTP://BBQR.IO/BQSOR05491,07/03/2020 19:00,07/03/2020 20:46,NULL,07/03/2020 20:46,NULL,NULL,NULL,NULL
544,1213,HTTP://BBQR.IO/BQSOR05491,08/03/2020 11:04,08/03/2020 11:40,NULL,08/03/2020 11:40,NULL,NULL,NULL,NULL
530,1214,HTTP://BBQR.IO/BQSOR05500,07/03/2020 14:24,07/03/2020 15:43,NULL,07/03/2020 15:43,NULL,NULL,NULL,NULL
540,1214,HTTP://BBQR.IO/BQSOR05500,07/03/2020 22:02,07/03/2020 22:56,NULL,07/03/2020 22:56,NULL,NULL,NULL,NULL
699,1214,HTTP://BBQR.IO/BQSOR05500,11/03/2020 07:32,11/03/2020 08:35,NULL,11/03/2020 08:35,NULL,NULL,NULL,NULL
754,1214,HTTP://BBQR.IO/BQSOR05500,11/03/2020 19:28,11/03/2020 21:18,NULL,11/03/2020 21:18,NULL,NULL,NULL,NULL
580,1215,HTTP://BBQR.IO/BQSOR05433,09/03/2020 12:09,09/03/2020 12:42,NULL,09/03/2020 12:42,NULL,NULL,NULL,NULL
854,1215,HTTP://BBQR.IO/BQSOR05433,14/03/2020 15:21,14/03/2020 16:05,NULL,14/03/2020 16:05,NULL,NULL,NULL,NULL
890,1215,HTTP://BBQR.IO/BQSOR05433,15/03/2020 13:10,15/03/2020 13:44,NULL,15/03/2020 13:44,NULL,NULL,NULL,NULL
895,1215,HTTP://BBQR.IO/BQSOR05433,15/03/2020 13:59,15/03/2020 14:40,NULL,15/03/2020 14:40,NULL,NULL,NULL,NULL
904,1215,HTTP://BBQR.IO/BQSOR05433,15/03/2020 17:27,15/03/2020 18:04,NULL,15/03/2020 18:04,NULL,NULL,NULL,NULL
612,1216,HTTP://BBQR.IO/BQSOR05501,09/03/2020 17:55,09/03/2020 19:16,NULL,09/03/2020 19:16,NULL,NULL,NULL,NULL
714,1216,HTTP://BBQR.IO/BQSOR05501,11/03/2020 09:31,11/03/2020 10:05,NULL,11/03/2020 10:05,NULL,NULL,NULL,NULL
717,1216,HTTP://BBQR.IO/BQSOR05501,11/03/2020 10:11,11/03/2020 10:57,NULL,11/03/2020 10:57,NULL,NULL,NULL,NULL
773,1216,HTTP://BBQR.IO/BQSOR05501,12/03/2020 10:01,12/03/2020 10:52,NULL,12/03/2020 10:52,NULL,NULL,NULL,NULL
775,1216,HTTP://BBQR.IO/BQSOR05501,12/03/2020 10:52,12/03/2020 11:39,NULL,12/03/2020 11:39,NULL,NULL,NULL,NULL
791,1216,HTTP://BBQR.IO/BQSOR05501,12/03/2020 17:19,12/03/2020 18:25,NULL,12/03/2020 18:25,NULL,NULL,NULL,NULL
801,1216,HTTP://BBQR.IO/BQSOR05501,12/03/2020 21:25,12/03/2020 22:06,NULL,12/03/2020 22:06,NULL,NULL,NULL,NULL
809,1216,HTTP://BBQR.IO/BQSOR05501,13/03/2020 09:29,13/03/2020 10:08,NULL,13/03/2020 10:08,NULL,NULL,NULL,NULL
811,1216,HTTP://BBQR.IO/BQSOR05501,13/03/2020 10:14,13/03/2020 16:30,NULL,13/03/2020 16:30,NULL,NULL,NULL,NULL
820,1216,HTTP://BBQR.IO/BQSOR05501,13/03/2020 16:30,13/03/2020 17:38,NULL,13/03/2020 17:38,NULL,NULL,NULL,NULL
659,1218,HTTP://BBQR.IO/BQSOR05493,10/03/2020 15:39,10/03/2020 16:53,NULL,10/03/2020 16:53,NULL,NULL,NULL,NULL
682,1218,HTTP://BBQR.IO/BQSOR05493,10/03/2020 18:22,10/03/2020 18:54,NULL,10/03/2020 18:54,NULL,NULL,NULL,NULL
728,1218,HTTP://BBQR.IO/BQSOR05493,11/03/2020 13:30,11/03/2020 14:04,NULL,11/03/2020 14:04,NULL,NULL,NULL,NULL
748,1218,HTTP://BBQR.IO/BQSOR05493,11/03/2020 18:10,11/03/2020 19:38,NULL,11/03/2020 19:38,NULL,NULL,NULL,NULL
779,1218,HTTP://BBQR.IO/BQSOR05493,12/03/2020 14:13,12/03/2020 15:31,NULL,12/03/2020 15:31,NULL,NULL,NULL,NULL
783,1218,HTTP://BBQR.IO/BQSOR05493,12/03/2020 16:12,12/03/2020 16:43,NULL,12/03/2020 16:43,NULL,NULL,NULL,NULL
788,1218,HTTP://BBQR.IO/BQSOR05493,12/03/2020 16:55,12/03/2020 17:46,NULL,12/03/2020 17:46,NULL,NULL,NULL,NULL
808,1218,HTTP://BBQR.IO/BQSOR05493,13/03/2020 09:05,13/03/2020 10:17,NULL,13/03/2020 10:17,NULL,NULL,NULL,NULL
947,1218,HTTP://BBQR.IO/BQSOR05493,16/03/2020 15:15,16/03/2020 16:07,NULL,16/03/2020 16:07,NULL,NULL,NULL,NULL
507,1219,HTTP://BBQR.IO/BQSOR05407,06/03/2020 22:11,06/03/2020 22:11,NULL,06/03/2020 22:11,NULL,NULL,NULL,NULL
601,1219,HTTP://BBQR.IO/BQSOR05407,09/03/2020 15:55,09/03/2020 17:06,NULL,09/03/2020 17:06,NULL,NULL,NULL,NULL
610,1219,HTTP://BBQR.IO/BQSOR05407,09/03/2020 17:47,09/03/2020 18:36,NULL,09/03/2020 18:36,NULL,NULL,NULL,NULL
617,1219,HTTP://BBQR.IO/BQSOR05407,09/03/2020 18:46,09/03/2020 19:18,NULL,09/03/2020 19:18,NULL,NULL,NULL,NULL
635,1219,HTTP://BBQR.IO/BQSOR05407,10/03/2020 09:23,10/03/2020 09:54,NULL,10/03/2020 09:54,NULL,NULL,NULL,NULL
636,1219,HTTP://BBQR.IO/BQSOR05407,10/03/2020 09:55,10/03/2020 10:31,NULL,10/03/2020 10:31,NULL,NULL,NULL,NULL
658,1219,HTTP://BBQR.IO/BQSOR05407,10/03/2020 15:26,10/03/2020 15:59,NULL,10/03/2020 15:59,NULL,NULL,NULL,NULL
662,1219,HTTP://BBQR.IO/BQSOR05407,10/03/2020 15:59,10/03/2020 16:40,NULL,10/03/2020 16:40,NULL,NULL,NULL,NULL
721,1219,HTTP://BBQR.IO/BQSOR05407,11/03/2020 11:35,11/03/2020 12:18,NULL,11/03/2020 12:18,NULL,NULL,NULL,NULL
722,1219,HTTP://BBQR.IO/BQSOR05407,11/03/2020 12:19,11/03/2020 13:00,NULL,11/03/2020 13:00,NULL,NULL,NULL,NULL
735,1219,HTTP://BBQR.IO/BQSOR05407,11/03/2020 14:49,11/03/2020 15:24,NULL,11/03/2020 15:24,NULL,NULL,NULL,NULL
736,1219,HTTP://BBQR.IO/BQSOR05407,11/03/2020 15:24,11/03/2020 16:07,NULL,11/03/2020 16:07,NULL,NULL,NULL,NULL
781,1219,HTTP://BBQR.IO/BQSOR05407,12/03/2020 16:01,12/03/2020 17:12,NULL,12/03/2020 17:12,NULL,NULL,NULL,NULL
871,1219,HTTP://BBQR.IO/BQSOR05407,14/03/2020 19:37,14/03/2020 20:13,NULL,14/03/2020 20:13,NULL,NULL,NULL,NULL
623,1220,HTTP://BBQR.IO/BQSOR05494,10/03/2020 01:04,10/03/2020 09:32,NULL,10/03/2020 09:32,NULL,NULL,NULL,NULL
508,1222,HTTP://BBQR.IO/BQSOR05486,06/03/2020 22:31,06/03/2020 22:32,NULL,06/03/2020 22:32,NULL,NULL,NULL,NULL
960,1222,HTTP://BBQR.IO/BQSOR05486,16/03/2020 19:58,16/03/2020 21:39,NULL,16/03/2020 21:39,NULL,NULL,NULL,NULL
962,1222,HTTP://BBQR.IO/BQSOR05486,16/03/2020 21:40,17/03/2020 09:41,NULL,17/03/2020 09:41,NULL,NULL,NULL,NULL
509,1224,HTTP://BBQR.IO/BQSOR05535,06/03/2020 22:45,06/03/2020 22:45,NULL,06/03/2020 22:45,NULL,NULL,NULL,NULL
589,1224,HTTP://BBQR.IO/BQSOR05535,09/03/2020 13:21,09/03/2020 13:51,NULL,09/03/2020 13:51,NULL,NULL,NULL,NULL
594,1224,HTTP://BBQR.IO/BQSOR05535,09/03/2020 13:58,09/03/2020 14:32,NULL,09/03/2020 14:32,NULL,NULL,NULL,NULL
661,1224,HTTP://BBQR.IO/BQSOR05535,10/03/2020 15:49,10/03/2020 16:43,NULL,10/03/2020 16:43,NULL,NULL,NULL,NULL
689,1224,HTTP://BBQR.IO/BQSOR05535,10/03/2020 20:06,10/03/2020 20:53,NULL,10/03/2020 20:53,NULL,NULL,NULL,NULL
511,1225,HTTP://BBQR.IO/BQSOR05384,06/03/2020 23:05,06/03/2020 23:06,NULL,06/03/2020 23:06,NULL,NULL,NULL,NULL
526,1225,HTTP://BBQR.IO/BQSOR05384,07/03/2020 12:33,07/03/2020 13:08,NULL,07/03/2020 13:08,NULL,NULL,NULL,NULL
552,1226,HTTP://BBQR.IO/BQSOR05521,08/03/2020 18:07,09/03/2020 11:35,NULL,09/03/2020 11:35,NULL,NULL,NULL,NULL
732,1226,HTTP://BBQR.IO/BQSOR05521,11/03/2020 14:24,11/03/2020 16:35,NULL,11/03/2020 16:35,NULL,NULL,NULL,NULL
784,1226,HTTP://BBQR.IO/BQSOR05521,12/03/2020 16:12,12/03/2020 17:44,NULL,12/03/2020 17:44,NULL,NULL,NULL,NULL
513,1227,HTTP://BBQR.IO/BQSOR05510,07/03/2020 00:26,07/03/2020 00:26,NULL,07/03/2020 00:26,NULL,NULL,NULL,NULL
514,1227,HTTP://BBQR.IO/BQSOR05510,07/03/2020 00:31,07/03/2020 00:32,NULL,07/03/2020 00:32,NULL,NULL,NULL,NULL
595,1227,HTTP://BBQR.IO/BQSOR05510,09/03/2020 14:58,09/03/2020 15:32,NULL,09/03/2020 15:32,NULL,NULL,NULL,NULL
598,1227,HTTP://BBQR.IO/BQSOR05510,09/03/2020 15:32,09/03/2020 17:33,NULL,09/03/2020 17:33,NULL,NULL,NULL,NULL
551,1228,HTTP://BBQR.IO/BQSOR05481,08/03/2020 16:09,08/03/2020 16:48,NULL,08/03/2020 16:48,NULL,NULL,NULL,NULL
584,1228,HTTP://BBQR.IO/BQSOR05481,09/03/2020 12:53,09/03/2020 13:25,NULL,09/03/2020 13:25,NULL,NULL,NULL,NULL
621,1228,HTTP://BBQR.IO/BQSOR05481,09/03/2020 21:54,09/03/2020 22:59,NULL,09/03/2020 22:59,NULL,NULL,NULL,NULL
683,1228,HTTP://BBQR.IO/BQSOR05481,10/03/2020 18:30,10/03/2020 19:09,NULL,10/03/2020 19:09,NULL,NULL,NULL,NULL
742,1228,HTTP://BBQR.IO/BQSOR05481,11/03/2020 16:18,11/03/2020 23:17,NULL,11/03/2020 23:17,NULL,NULL,NULL,NULL
874,1228,HTTP://BBQR.IO/BQSOR05481,14/03/2020 20:52,14/03/2020 21:44,NULL,14/03/2020 21:44,NULL,NULL,NULL,NULL
905,1228,HTTP://BBQR.IO/BQSOR05481,15/03/2020 17:47,16/03/2020 13:51,NULL,16/03/2020 13:51,NULL,NULL,NULL,NULL
550,1229,HTTP://BBQR.IO/BQSOR05519,08/03/2020 14:17,08/03/2020 14:31,NULL,08/03/2020 14:31,NULL,NULL,NULL,NULL
609,1229,HTTP://BBQR.IO/BQSOR05519,09/03/2020 17:32,09/03/2020 18:36,NULL,09/03/2020 18:36,NULL,NULL,NULL,NULL
833,1229,HTTP://BBQR.IO/BQSOR05519,14/03/2020 07:54,14/03/2020 08:31,NULL,14/03/2020 08:31,NULL,NULL,NULL,NULL
860,1229,HTTP://BBQR.IO/BQSOR05519,14/03/2020 16:42,14/03/2020 18:52,NULL,14/03/2020 18:52,NULL,NULL,NULL,NULL
909,1229,HTTP://BBQR.IO/BQSOR05519,15/03/2020 19:43,15/03/2020 21:14,NULL,15/03/2020 21:14,NULL,NULL,NULL,NULL
914,1229,HTTP://BBQR.IO/BQSOR05519,16/03/2020 07:28,16/03/2020 08:42,NULL,16/03/2020 08:42,NULL,NULL,NULL,NULL
954,1229,HTTP://BBQR.IO/BQSOR05519,16/03/2020 17:02,16/03/2020 19:05,NULL,16/03/2020 19:05,NULL,NULL,NULL,NULL
963,1229,HTTP://BBQR.IO/BQSOR05519,17/03/2020 07:29,17/03/2020 10:50,NULL,17/03/2020 10:50,NULL,NULL,NULL,NULL
982,1229,HTTP://BBQR.IO/BQSOR05519,17/03/2020 17:42,17/03/2020 22:04,NULL,17/03/2020 22:04,NULL,NULL,NULL,NULL
989,1229,HTTP://BBQR.IO/BQSOR05519,18/03/2020 07:24,18/03/2020 08:45,NULL,18/03/2020 08:45,NULL,NULL,NULL,NULL
1001,1229,HTTP://BBQR.IO/BQSOR05519,18/03/2020 17:01,18/03/2020 19:03,NULL,18/03/2020 19:03,NULL,NULL,NULL,NULL
1005,1229,HTTP://BBQR.IO/BQSOR05519,19/03/2020 07:25,19/03/2020 16:59,NULL,19/03/2020 16:59,NULL,NULL,NULL,NULL
1010,1229,HTTP://BBQR.IO/BQSOR05519,19/03/2020 18:44,19/03/2020 18:44,NULL,19/03/2020 18:44,NULL,NULL,NULL,NULL
1014,1229,HTTP://BBQR.IO/BQSOR05519,20/03/2020 07:21,20/03/2020 17:06,NULL,20/03/2020 17:06,NULL,NULL,NULL,NULL
1025,1229,HTTP://BBQR.IO/BQSOR05519,20/03/2020 17:07,23/03/2020 14:06,NULL,23/03/2020 14:06,NULL,NULL,NULL,NULL
1066,1229,HTTP://BBQR.IO/BQSOR05519,30/03/2020 06:24,30/03/2020 06:24,NULL,NULL,NULL,NULL,NULL,NULL
515,1230,HTTP://BBQR.IO/BQSOR05397,07/03/2020 04:23,07/03/2020 04:24,NULL,07/03/2020 04:24,NULL,NULL,NULL,NULL
694,1230,HTTP://BBQR.IO/BQSOR05397,11/03/2020 00:55,11/03/2020 00:57,NULL,11/03/2020 00:57,NULL,NULL,NULL,NULL
695,1230,HTTP://BBQR.IO/BQSOR05397,11/03/2020 00:58,11/03/2020 00:58,NULL,11/03/2020 00:58,NULL,NULL,NULL,NULL
519,1231,HTTP://BBQR.IO/BQSOR05508,07/03/2020 08:47,07/03/2020 08:48,NULL,07/03/2020 08:48,NULL,NULL,NULL,NULL
556,1231,HTTP://BBQR.IO/BQSOR05508,09/03/2020 07:20,09/03/2020 08:28,NULL,09/03/2020 08:28,NULL,NULL,NULL,NULL
618,1231,HTTP://BBQR.IO/BQSOR05508,09/03/2020 19:01,09/03/2020 19:33,NULL,09/03/2020 19:33,NULL,NULL,NULL,NULL
625,1231,HTTP://BBQR.IO/BQSOR05508,10/03/2020 07:44,10/03/2020 08:20,NULL,10/03/2020 08:20,NULL,NULL,NULL,NULL
629,1231,HTTP://BBQR.IO/BQSOR05508,10/03/2020 08:22,10/03/2020 08:53,NULL,10/03/2020 08:53,NULL,NULL,NULL,NULL
687,1231,HTTP://BBQR.IO/BQSOR05508,10/03/2020 18:56,10/03/2020 19:32,NULL,10/03/2020 19:32,NULL,NULL,NULL,NULL
703,1231,HTTP://BBQR.IO/BQSOR05508,11/03/2020 07:54,11/03/2020 08:59,NULL,11/03/2020 08:59,NULL,NULL,NULL,NULL
726,1231,HTTP://BBQR.IO/BQSOR05508,11/03/2020 13:07,11/03/2020 13:34,NULL,11/03/2020 13:34,NULL,NULL,NULL,NULL
761,1231,HTTP://BBQR.IO/BQSOR05508,12/03/2020 07:38,12/03/2020 08:54,NULL,12/03/2020 08:54,NULL,NULL,NULL,NULL
778,1231,HTTP://BBQR.IO/BQSOR05508,12/03/2020 13:10,12/03/2020 13:53,NULL,12/03/2020 13:53,NULL,NULL,NULL,NULL
793,1231,HTTP://BBQR.IO/BQSOR05508,12/03/2020 18:19,12/03/2020 19:19,NULL,12/03/2020 19:19,NULL,NULL,NULL,NULL
805,1231,HTTP://BBQR.IO/BQSOR05508,13/03/2020 07:50,13/03/2020 08:55,NULL,13/03/2020 08:55,NULL,NULL,NULL,NULL
815,1231,HTTP://BBQR.IO/BQSOR05508,13/03/2020 13:06,13/03/2020 14:06,NULL,13/03/2020 14:06,NULL,NULL,NULL,NULL
824,1231,HTTP://BBQR.IO/BQSOR05508,13/03/2020 17:43,13/03/2020 19:55,NULL,13/03/2020 19:55,NULL,NULL,NULL,NULL
520,1233,HTTP://BBQR.IO/BQSOR05399,07/03/2020 09:00,07/03/2020 09:00,NULL,07/03/2020 09:00,NULL,NULL,NULL,NULL
586,1234,HTTP://BBQR.IO/BQSOR05513,09/03/2020 13:11,09/03/2020 14:04,NULL,09/03/2020 14:04,NULL,NULL,NULL,NULL
613,1234,HTTP://BBQR.IO/BQSOR05513,09/03/2020 18:07,09/03/2020 19:12,NULL,09/03/2020 19:12,NULL,NULL,NULL,NULL
641,1234,HTTP://BBQR.IO/BQSOR05513,10/03/2020 11:21,10/03/2020 12:20,NULL,10/03/2020 12:20,NULL,NULL,NULL,NULL
676,1234,HTTP://BBQR.IO/BQSOR05513,10/03/2020 17:52,10/03/2020 21:11,NULL,10/03/2020 21:11,NULL,NULL,NULL,NULL
522,1235,HTTP://BBQR.IO/BQSOR05507,07/03/2020 11:06,07/03/2020 11:06,NULL,07/03/2020 11:06,NULL,NULL,NULL,NULL
523,1235,HTTP://BBQR.IO/BQSOR05507,07/03/2020 11:19,07/03/2020 11:19,NULL,07/03/2020 11:19,NULL,NULL,NULL,NULL
525,1235,HTTP://BBQR.IO/BQSOR05507,07/03/2020 12:09,07/03/2020 12:59,NULL,07/03/2020 12:59,NULL,NULL,NULL,NULL
528,1235,HTTP://BBQR.IO/BQSOR05507,07/03/2020 13:07,07/03/2020 14:25,NULL,07/03/2020 14:25,NULL,NULL,NULL,NULL
532,1235,HTTP://BBQR.IO/BQSOR05507,07/03/2020 16:01,07/03/2020 16:02,NULL,07/03/2020 16:02,NULL,NULL,NULL,NULL
533,1235,HTTP://BBQR.IO/BQSOR05507,07/03/2020 16:02,07/03/2020 16:35,NULL,07/03/2020 16:35,NULL,NULL,NULL,NULL
606,1235,HTTP://BBQR.IO/BQSOR05507,09/03/2020 17:24,09/03/2020 17:54,NULL,09/03/2020 17:54,NULL,NULL,NULL,NULL
675,1235,HTTP://BBQR.IO/BQSOR05507,10/03/2020 17:05,10/03/2020 17:36,NULL,10/03/2020 17:36,NULL,NULL,NULL,NULL
573,1236,HTTP://BBQR.IO/BQSOR05503,09/03/2020 12:03,09/03/2020 12:45,NULL,09/03/2020 12:45,NULL,NULL,NULL,NULL
643,1236,HTTP://BBQR.IO/BQSOR05503,10/03/2020 12:00,10/03/2020 12:47,NULL,10/03/2020 12:47,NULL,NULL,NULL,NULL
649,1236,HTTP://BBQR.IO/BQSOR05503,10/03/2020 13:58,10/03/2020 14:46,NULL,10/03/2020 14:46,NULL,NULL,NULL,NULL
696,1236,HTTP://BBQR.IO/BQSOR05503,11/03/2020 05:23,11/03/2020 06:14,NULL,11/03/2020 06:14,NULL,NULL,NULL,NULL
720,1236,HTTP://BBQR.IO/BQSOR05503,11/03/2020 11:31,11/03/2020 12:38,NULL,11/03/2020 12:38,NULL,NULL,NULL,NULL
729,1236,HTTP://BBQR.IO/BQSOR05503,11/03/2020 13:53,11/03/2020 15:08,NULL,11/03/2020 15:08,NULL,NULL,NULL,NULL
776,1236,HTTP://BBQR.IO/BQSOR05503,12/03/2020 11:36,12/03/2020 16:46,NULL,12/03/2020 16:46,NULL,NULL,NULL,NULL
816,1236,HTTP://BBQR.IO/BQSOR05503,13/03/2020 13:57,13/03/2020 14:49,NULL,13/03/2020 14:49,NULL,NULL,NULL,NULL
529,1237,HTTP://BBQR.IO/BQSOR05515,07/03/2020 14:22,07/03/2020 14:23,NULL,07/03/2020 14:23,NULL,NULL,NULL,NULL
638,1237,HTTP://BBQR.IO/BQSOR05515,10/03/2020 10:24,10/03/2020 10:55,NULL,10/03/2020 10:55,NULL,NULL,NULL,NULL
678,1237,HTTP://BBQR.IO/BQSOR05515,10/03/2020 17:55,10/03/2020 18:25,NULL,10/03/2020 18:25,NULL,NULL,NULL,NULL
724,1237,HTTP://BBQR.IO/BQSOR05515,11/03/2020 12:48,11/03/2020 13:20,NULL,11/03/2020 13:20,NULL,NULL,NULL,NULL
739,1237,HTTP://BBQR.IO/BQSOR05515,11/03/2020 15:36,11/03/2020 16:07,NULL,11/03/2020 16:07,NULL,NULL,NULL,NULL
743,1237,HTTP://BBQR.IO/BQSOR05515,11/03/2020 16:59,11/03/2020 19:07,NULL,11/03/2020 19:07,NULL,NULL,NULL,NULL
756,1237,HTTP://BBQR.IO/BQSOR05515,11/03/2020 20:11,11/03/2020 20:46,NULL,11/03/2020 20:46,NULL,NULL,NULL,NULL
810,1237,HTTP://BBQR.IO/BQSOR05515,13/03/2020 09:55,13/03/2020 10:58,NULL,13/03/2020 10:58,NULL,NULL,NULL,NULL
817,1237,HTTP://BBQR.IO/BQSOR05515,13/03/2020 15:27,13/03/2020 16:01,NULL,13/03/2020 16:01,NULL,NULL,NULL,NULL
866,1237,HTTP://BBQR.IO/BQSOR05515,14/03/2020 17:31,14/03/2020 19:06,NULL,14/03/2020 19:06,NULL,NULL,NULL,NULL
880,1237,HTTP://BBQR.IO/BQSOR05515,15/03/2020 00:26,15/03/2020 00:26,NULL,15/03/2020 00:26,NULL,NULL,NULL,NULL
936,1237,HTTP://BBQR.IO/BQSOR05515,16/03/2020 12:35,16/03/2020 13:08,NULL,16/03/2020 13:08,NULL,NULL,NULL,NULL
948,1237,HTTP://BBQR.IO/BQSOR05515,16/03/2020 15:15,16/03/2020 15:52,NULL,16/03/2020 15:52,NULL,NULL,NULL,NULL
697,1238,HTTP://BBQR.IO/BQSOR05482,11/03/2020 06:45,11/03/2020 06:45,NULL,11/03/2020 06:45,NULL,NULL,NULL,NULL
698,1238,HTTP://BBQR.IO/BQSOR05482,11/03/2020 07:23,11/03/2020 07:56,NULL,11/03/2020 07:56,NULL,NULL,NULL,NULL
705,1238,HTTP://BBQR.IO/BQSOR05482,11/03/2020 07:56,11/03/2020 10:34,NULL,11/03/2020 10:34,NULL,NULL,NULL,NULL
718,1238,HTTP://BBQR.IO/BQSOR05482,11/03/2020 10:35,11/03/2020 11:45,NULL,11/03/2020 11:45,NULL,NULL,NULL,NULL
765,1238,HTTP://BBQR.IO/BQSOR05482,12/03/2020 07:55,12/03/2020 09:36,NULL,12/03/2020 09:36,NULL,NULL,NULL,NULL
536,1240,HTTP://BBQR.IO/BQSOR05516,07/03/2020 17:24,07/03/2020 17:25,NULL,07/03/2020 17:25,NULL,NULL,NULL,NULL
631,1240,HTTP://BBQR.IO/BQSOR05516,10/03/2020 08:42,10/03/2020 10:12,NULL,10/03/2020 10:12,NULL,NULL,NULL,NULL
674,1240,HTTP://BBQR.IO/BQSOR05516,10/03/2020 17:04,10/03/2020 17:59,NULL,10/03/2020 17:59,NULL,NULL,NULL,NULL
710,1240,HTTP://BBQR.IO/BQSOR05516,11/03/2020 08:40,11/03/2020 10:25,NULL,11/03/2020 10:25,NULL,NULL,NULL,NULL
734,1240,HTTP://BBQR.IO/BQSOR05516,11/03/2020 14:48,11/03/2020 15:56,NULL,11/03/2020 15:56,NULL,NULL,NULL,NULL
794,1240,HTTP://BBQR.IO/BQSOR05516,12/03/2020 18:30,12/03/2020 19:35,NULL,12/03/2020 19:35,NULL,NULL,NULL,NULL
716,1242,HTTP://BBQR.IO/BQSOR05396,11/03/2020 10:07,11/03/2020 13:12,NULL,11/03/2020 13:12,NULL,NULL,NULL,NULL
731,1242,HTTP://BBQR.IO/BQSOR05396,11/03/2020 14:14,11/03/2020 14:14,NULL,NULL,NULL,NULL,NULL,NULL
558,1243,HTTP://BBQR.IO/BQSOR05440,09/03/2020 07:49,09/03/2020 08:43,NULL,09/03/2020 08:43,NULL,NULL,NULL,NULL
605,1243,HTTP://BBQR.IO/BQSOR05440,09/03/2020 17:13,09/03/2020 17:56,NULL,09/03/2020 17:56,NULL,NULL,NULL,NULL
701,1243,HTTP://BBQR.IO/BQSOR05440,11/03/2020 07:44,11/03/2020 17:14,NULL,11/03/2020 17:14,NULL,NULL,NULL,NULL
745,1243,HTTP://BBQR.IO/BQSOR05440,11/03/2020 17:14,11/03/2020 18:17,NULL,11/03/2020 18:17,NULL,NULL,NULL,NULL
539,1244,HTTP://BBQR.IO/BQSOR05383,07/03/2020 21:45,07/03/2020 22:28,NULL,07/03/2020 22:28,NULL,NULL,NULL,NULL
568,1244,HTTP://BBQR.IO/BQSOR05383,09/03/2020 09:35,09/03/2020 10:26,NULL,09/03/2020 10:26,NULL,NULL,NULL,NULL
647,1244,HTTP://BBQR.IO/BQSOR05383,10/03/2020 13:34,10/03/2020 14:24,NULL,10/03/2020 14:24,NULL,NULL,NULL,NULL
673,1244,HTTP://BBQR.IO/BQSOR05383,10/03/2020 17:01,10/03/2020 18:01,NULL,10/03/2020 18:01,NULL,NULL,NULL,NULL
690,1244,HTTP://BBQR.IO/BQSOR05383,10/03/2020 20:28,10/03/2020 21:28,NULL,10/03/2020 21:28,NULL,NULL,NULL,NULL
700,1244,HTTP://BBQR.IO/BQSOR05383,11/03/2020 07:34,11/03/2020 08:19,NULL,11/03/2020 08:19,NULL,NULL,NULL,NULL
753,1244,HTTP://BBQR.IO/BQSOR05383,11/03/2020 19:05,12/03/2020 09:34,NULL,12/03/2020 09:34,NULL,NULL,NULL,NULL
772,1244,HTTP://BBQR.IO/BQSOR05383,12/03/2020 09:34,12/03/2020 10:21,NULL,12/03/2020 10:21,NULL,NULL,NULL,NULL
798,1244,HTTP://BBQR.IO/BQSOR05383,12/03/2020 21:18,12/03/2020 21:51,NULL,12/03/2020 21:51,NULL,NULL,NULL,NULL
951,1244,HTTP://BBQR.IO/BQSOR05383,16/03/2020 16:23,16/03/2020 17:13,NULL,16/03/2020 17:13,NULL,NULL,NULL,NULL
563,1245,HTTP://BBQR.IO/BQSOR05518,09/03/2020 08:42,09/03/2020 09:32,NULL,09/03/2020 09:32,NULL,NULL,NULL,NULL
620,1245,HTTP://BBQR.IO/BQSOR05518,09/03/2020 19:40,09/03/2020 20:13,NULL,09/03/2020 20:13,NULL,NULL,NULL,NULL
632,1245,HTTP://BBQR.IO/BQSOR05518,10/03/2020 08:46,10/03/2020 09:29,NULL,10/03/2020 09:29,NULL,NULL,NULL,NULL
677,1245,HTTP://BBQR.IO/BQSOR05518,10/03/2020 17:53,10/03/2020 18:35,NULL,10/03/2020 18:35,NULL,NULL,NULL,NULL
711,1245,HTTP://BBQR.IO/BQSOR05518,11/03/2020 08:46,11/03/2020 09:32,NULL,11/03/2020 09:32,NULL,NULL,NULL,NULL
747,1245,HTTP://BBQR.IO/BQSOR05518,11/03/2020 17:53,11/03/2020 18:38,NULL,11/03/2020 18:38,NULL,NULL,NULL,NULL
764,1245,HTTP://BBQR.IO/BQSOR05518,12/03/2020 07:54,12/03/2020 08:45,NULL,12/03/2020 08:45,NULL,NULL,NULL,NULL
792,1245,HTTP://BBQR.IO/BQSOR05518,12/03/2020 17:31,12/03/2020 18:48,NULL,12/03/2020 18:48,NULL,NULL,NULL,NULL
908,1245,HTTP://BBQR.IO/BQSOR05518,15/03/2020 19:19,15/03/2020 19:50,NULL,15/03/2020 19:50,NULL,NULL,NULL,NULL
910,1245,HTTP://BBQR.IO/BQSOR05518,15/03/2020 19:50,15/03/2020 21:00,NULL,15/03/2020 21:00,NULL,NULL,NULL,NULL
566,1246,HTTP://BBQR.IO/BQSOR05376,09/03/2020 08:55,09/03/2020 08:55,NULL,09/03/2020 08:55,NULL,NULL,NULL,NULL
542,1247,HTTP://BBQR.IO/BQSOR05479,08/03/2020 08:43,08/03/2020 08:43,NULL,NULL,NULL,NULL,NULL,NULL
565,1248,HTTP://BBQR.IO/BQSOR05404,09/03/2020 08:53,09/03/2020 09:24,NULL,09/03/2020 09:24,NULL,NULL,NULL,NULL
615,1248,HTTP://BBQR.IO/BQSOR05404,09/03/2020 18:09,09/03/2020 19:03,NULL,09/03/2020 19:03,NULL,NULL,NULL,NULL
633,1248,HTTP://BBQR.IO/BQSOR05404,10/03/2020 08:48,10/03/2020 09:32,NULL,10/03/2020 09:32,NULL,NULL,NULL,NULL
712,1248,HTTP://BBQR.IO/BQSOR05404,11/03/2020 08:51,11/03/2020 09:29,NULL,11/03/2020 09:29,NULL,NULL,NULL,NULL
750,1248,HTTP://BBQR.IO/BQSOR05404,11/03/2020 18:26,11/03/2020 19:03,NULL,11/03/2020 19:03,NULL,NULL,NULL,NULL
752,1248,HTTP://BBQR.IO/BQSOR05404,11/03/2020 19:03,11/03/2020 19:03,NULL,11/03/2020 19:03,NULL,NULL,NULL,NULL
846,1248,HTTP://BBQR.IO/BQSOR05404,14/03/2020 13:00,14/03/2020 17:39,NULL,14/03/2020 17:39,NULL,NULL,NULL,NULL
546,1249,HTTP://BBQR.IO/BQSOR05434,08/03/2020 11:38,08/03/2020 11:38,NULL,08/03/2020 11:38,NULL,NULL,NULL,NULL
715,1250,HTTP://BBQR.IO/BQSOR05476,11/03/2020 10:06,11/03/2020 10:50,NULL,11/03/2020 10:50,NULL,NULL,NULL,NULL
780,1250,HTTP://BBQR.IO/BQSOR05476,12/03/2020 15:14,12/03/2020 15:49,NULL,12/03/2020 15:49,NULL,NULL,NULL,NULL
804,1250,HTTP://BBQR.IO/BQSOR05476,12/03/2020 23:40,13/03/2020 00:14,NULL,13/03/2020 00:14,NULL,NULL,NULL,NULL
812,1250,HTTP://BBQR.IO/BQSOR05476,13/03/2020 11:15,13/03/2020 11:53,NULL,13/03/2020 11:53,NULL,NULL,NULL,NULL
823,1250,HTTP://BBQR.IO/BQSOR05476,13/03/2020 17:10,13/03/2020 18:55,NULL,13/03/2020 18:55,NULL,NULL,NULL,NULL
912,1250,HTTP://BBQR.IO/BQSOR05476,15/03/2020 23:36,16/03/2020 00:34,NULL,16/03/2020 00:34,NULL,NULL,NULL,NULL
564,1251,HTTP://BBQR.IO/BQSOR05499,09/03/2020 08:44,09/03/2020 09:32,NULL,09/03/2020 09:32,NULL,NULL,NULL,NULL
583,1251,HTTP://BBQR.IO/BQSOR05499,09/03/2020 12:40,09/03/2020 13:59,NULL,09/03/2020 13:59,NULL,NULL,NULL,NULL
608,1251,HTTP://BBQR.IO/BQSOR05499,09/03/2020 17:31,09/03/2020 18:42,NULL,09/03/2020 18:42,NULL,NULL,NULL,NULL
628,1251,HTTP://BBQR.IO/BQSOR05499,10/03/2020 08:09,10/03/2020 08:56,NULL,10/03/2020 08:56,NULL,NULL,NULL,NULL
679,1251,HTTP://BBQR.IO/BQSOR05499,10/03/2020 18:01,10/03/2020 19:11,NULL,10/03/2020 19:11,NULL,NULL,NULL,NULL
707,1251,HTTP://BBQR.IO/BQSOR05499,11/03/2020 08:07,11/03/2020 09:10,NULL,11/03/2020 09:10,NULL,NULL,NULL,NULL
744,1251,HTTP://BBQR.IO/BQSOR05499,11/03/2020 17:02,11/03/2020 19:25,NULL,11/03/2020 19:25,NULL,NULL,NULL,NULL
769,1251,HTTP://BBQR.IO/BQSOR05499,12/03/2020 08:12,12/03/2020 09:13,NULL,12/03/2020 09:13,NULL,NULL,NULL,NULL
786,1251,HTTP://BBQR.IO/BQSOR05499,12/03/2020 16:34,13/03/2020 09:22,NULL,13/03/2020 09:22,NULL,NULL,NULL,NULL
819,1251,HTTP://BBQR.IO/BQSOR05499,13/03/2020 16:29,13/03/2020 17:06,NULL,13/03/2020 17:06,NULL,NULL,NULL,NULL
555,1253,HTTP://BBQR.IO/BQSOR05411,08/03/2020 22:35,08/03/2020 22:35,NULL,08/03/2020 22:35,NULL,NULL,NULL,NULL
562,1253,HTTP://BBQR.IO/BQSOR05411,09/03/2020 08:09,09/03/2020 08:43,NULL,09/03/2020 08:43,NULL,NULL,NULL,NULL
619,1253,HTTP://BBQR.IO/BQSOR05411,09/03/2020 19:05,09/03/2020 19:42,NULL,09/03/2020 19:42,NULL,NULL,NULL,NULL
634,1253,HTTP://BBQR.IO/BQSOR05411,10/03/2020 08:55,10/03/2020 09:27,NULL,10/03/2020 09:27,NULL,NULL,NULL,NULL
680,1253,HTTP://BBQR.IO/BQSOR05411,10/03/2020 18:08,10/03/2020 20:15,NULL,10/03/2020 20:15,NULL,NULL,NULL,NULL
709,1253,HTTP://BBQR.IO/BQSOR05411,11/03/2020 08:36,12/03/2020 08:33,NULL,12/03/2020 08:33,NULL,NULL,NULL,NULL
771,1253,HTTP://BBQR.IO/BQSOR05411,12/03/2020 08:33,12/03/2020 10:14,NULL,12/03/2020 10:14,NULL,NULL,NULL,NULL
840,1253,HTTP://BBQR.IO/BQSOR05411,14/03/2020 12:05,14/03/2020 12:58,NULL,14/03/2020 12:58,NULL,NULL,NULL,NULL
849,1253,HTTP://BBQR.IO/BQSOR05411,14/03/2020 13:50,14/03/2020 14:29,NULL,14/03/2020 14:29,NULL,NULL,NULL,NULL
873,1253,HTTP://BBQR.IO/BQSOR05411,14/03/2020 20:06,14/03/2020 20:40,NULL,14/03/2020 20:40,NULL,NULL,NULL,NULL
878,1253,HTTP://BBQR.IO/BQSOR05411,14/03/2020 22:15,14/03/2020 22:54,NULL,14/03/2020 22:54,NULL,NULL,NULL,NULL
900,1253,HTTP://BBQR.IO/BQSOR05411,15/03/2020 15:01,15/03/2020 16:24,NULL,15/03/2020 16:24,NULL,NULL,NULL,NULL
567,1254,HTTP://BBQR.IO/BQSOR05403,09/03/2020 09:14,09/03/2020 11:47,NULL,09/03/2020 11:47,NULL,NULL,NULL,NULL
571,1254,HTTP://BBQR.IO/BQSOR05403,09/03/2020 11:49,09/03/2020 13:49,NULL,09/03/2020 13:49,NULL,NULL,NULL,NULL
611,1254,HTTP://BBQR.IO/BQSOR05403,09/03/2020 17:50,10/03/2020 00:27,NULL,10/03/2020 00:27,NULL,NULL,NULL,NULL
630,1254,HTTP://BBQR.IO/BQSOR05403,10/03/2020 08:41,10/03/2020 10:41,NULL,10/03/2020 10:41,NULL,NULL,NULL,NULL
685,1254,HTTP://BBQR.IO/BQSOR05403,10/03/2020 18:43,10/03/2020 21:13,NULL,10/03/2020 21:13,NULL,NULL,NULL,NULL
740,1254,HTTP://BBQR.IO/BQSOR05403,11/03/2020 16:00,11/03/2020 18:00,NULL,11/03/2020 18:00,NULL,NULL,NULL,NULL
751,1254,HTTP://BBQR.IO/BQSOR05403,11/03/2020 18:59,12/03/2020 03:38,NULL,12/03/2020 03:38,NULL,NULL,NULL,NULL
768,1254,HTTP://BBQR.IO/BQSOR05403,12/03/2020 08:11,12/03/2020 10:11,NULL,12/03/2020 10:11,NULL,NULL,NULL,NULL
790,1254,HTTP://BBQR.IO/BQSOR05403,12/03/2020 17:15,12/03/2020 19:35,NULL,12/03/2020 19:35,NULL,NULL,NULL,NULL
796,1254,HTTP://BBQR.IO/BQSOR05403,12/03/2020 19:35,12/03/2020 22:01,NULL,12/03/2020 22:01,NULL,NULL,NULL,NULL
813,1254,HTTP://BBQR.IO/BQSOR05403,13/03/2020 11:55,13/03/2020 14:27,NULL,13/03/2020 14:27,NULL,NULL,NULL,NULL
828,1254,HTTP://BBQR.IO/BQSOR05403,13/03/2020 18:50,13/03/2020 20:55,NULL,13/03/2020 20:55,NULL,NULL,NULL,NULL
774,1255,HTTP://BBQR.IO/BQSOR05485,12/03/2020 10:39,12/03/2020 11:40,NULL,12/03/2020 11:40,NULL,NULL,NULL,NULL
799,1255,HTTP://BBQR.IO/BQSOR05485,12/03/2020 21:23,12/03/2020 21:57,NULL,12/03/2020 21:57,NULL,NULL,NULL,NULL
802,1255,HTTP://BBQR.IO/BQSOR05485,12/03/2020 21:58,12/03/2020 22:36,NULL,12/03/2020 22:36,NULL,NULL,NULL,NULL
803,1255,HTTP://BBQR.IO/BQSOR05485,12/03/2020 22:36,12/03/2020 23:25,NULL,12/03/2020 23:25,NULL,NULL,NULL,NULL
822,1255,HTTP://BBQR.IO/BQSOR05485,13/03/2020 16:52,13/03/2020 19:16,NULL,13/03/2020 19:16,NULL,NULL,NULL,NULL
830,1255,HTTP://BBQR.IO/BQSOR05485,13/03/2020 21:04,13/03/2020 22:56,NULL,13/03/2020 22:56,NULL,NULL,NULL,NULL
597,1256,HTTP://BBQR.IO/BQBET01018,09/03/2020 15:22,09/03/2020 15:22,NULL,09/03/2020 15:22,NULL,NULL,NULL,NULL
616,1257,HTTP://BBQR.IO/BQSOR05484,09/03/2020 18:22,09/03/2020 18:22,NULL,09/03/2020 18:22,NULL,NULL,NULL,NULL
627,1257,HTTP://BBQR.IO/BQSOR05484,10/03/2020 07:59,10/03/2020 08:46,NULL,10/03/2020 08:46,NULL,NULL,NULL,NULL
646,1257,HTTP://BBQR.IO/BQSOR05484,10/03/2020 13:21,10/03/2020 13:56,NULL,10/03/2020 13:56,NULL,NULL,NULL,NULL
684,1257,HTTP://BBQR.IO/BQSOR05484,10/03/2020 18:32,10/03/2020 19:13,NULL,10/03/2020 19:13,NULL,NULL,NULL,NULL
706,1257,HTTP://BBQR.IO/BQSOR05484,11/03/2020 08:06,11/03/2020 08:46,NULL,11/03/2020 08:46,NULL,NULL,NULL,NULL
725,1257,HTTP://BBQR.IO/BQSOR05484,11/03/2020 12:59,11/03/2020 13:29,NULL,11/03/2020 13:29,NULL,NULL,NULL,NULL
770,1257,HTTP://BBQR.IO/BQSOR05484,12/03/2020 08:16,12/03/2020 09:17,NULL,12/03/2020 09:17,NULL,NULL,NULL,NULL
795,1257,HTTP://BBQR.IO/BQSOR05484,12/03/2020 19:05,12/03/2020 21:02,NULL,12/03/2020 21:02,NULL,NULL,NULL,NULL
806,1257,HTTP://BBQR.IO/BQSOR05484,13/03/2020 08:20,13/03/2020 09:06,NULL,13/03/2020 09:06,NULL,NULL,NULL,NULL
827,1257,HTTP://BBQR.IO/BQSOR05484,13/03/2020 18:20,13/03/2020 19:12,NULL,13/03/2020 19:12,NULL,NULL,NULL,NULL
832,1257,HTTP://BBQR.IO/BQSOR05484,13/03/2020 23:12,14/03/2020 00:01,NULL,14/03/2020 00:01,NULL,NULL,NULL,NULL
917,1257,HTTP://BBQR.IO/BQSOR05484,16/03/2020 08:02,16/03/2020 09:13,NULL,16/03/2020 09:13,NULL,NULL,NULL,NULL
957,1257,HTTP://BBQR.IO/BQSOR05484,16/03/2020 18:22,16/03/2020 20:28,NULL,16/03/2020 20:28,NULL,NULL,NULL,NULL
624,1258,HTTP://BBQR.IO/BQSOR05386,10/03/2020 01:51,10/03/2020 01:52,NULL,10/03/2020 01:52,NULL,NULL,NULL,NULL
657,1258,HTTP://BBQR.IO/BQSOR05386,10/03/2020 15:12,10/03/2020 16:49,NULL,10/03/2020 16:49,NULL,NULL,NULL,NULL
692,1258,HTTP://BBQR.IO/BQSOR05386,10/03/2020 23:11,11/03/2020 01:20,NULL,11/03/2020 01:20,NULL,NULL,NULL,NULL
719,1258,HTTP://BBQR.IO/BQSOR05386,11/03/2020 11:15,11/03/2020 18:52,NULL,11/03/2020 18:52,NULL,NULL,NULL,NULL
760,1258,HTTP://BBQR.IO/BQSOR05386,12/03/2020 05:45,12/03/2020 09:41,NULL,12/03/2020 09:41,NULL,NULL,NULL,NULL
785,1258,HTTP://BBQR.IO/BQSOR05386,12/03/2020 16:12,12/03/2020 19:52,NULL,12/03/2020 19:52,NULL,NULL,NULL,NULL
834,1258,HTTP://BBQR.IO/BQSOR05386,14/03/2020 08:57,14/03/2020 11:39,NULL,14/03/2020 11:39,NULL,NULL,NULL,NULL
838,1258,HTTP://BBQR.IO/BQSOR05386,14/03/2020 11:52,14/03/2020 11:56,NULL,14/03/2020 11:56,NULL,NULL,NULL,NULL
839,1258,HTTP://BBQR.IO/BQSOR05386,14/03/2020 11:56,14/03/2020 13:04,NULL,14/03/2020 13:04,NULL,NULL,NULL,NULL
881,1258,HTTP://BBQR.IO/BQSOR05386,15/03/2020 05:33,15/03/2020 09:09,NULL,15/03/2020 09:09,NULL,NULL,NULL,NULL
903,1258,HTTP://BBQR.IO/BQSOR05386,15/03/2020 16:48,16/03/2020 06:23,NULL,16/03/2020 06:23,NULL,NULL,NULL,NULL
642,1259,HTTP://BBQR.IO/BQSOR05406,10/03/2020 11:54,10/03/2020 16:37,NULL,10/03/2020 16:37,NULL,NULL,NULL,NULL
686,1259,HTTP://BBQR.IO/BQSOR05406,10/03/2020 18:50,10/03/2020 20:03,NULL,10/03/2020 20:03,NULL,NULL,NULL,NULL
688,1259,HTTP://BBQR.IO/BQSOR05406,10/03/2020 20:03,10/03/2020 20:57,NULL,10/03/2020 20:57,NULL,NULL,NULL,NULL
693,1259,HTTP://BBQR.IO/BQSOR05406,10/03/2020 23:26,11/03/2020 00:34,NULL,11/03/2020 00:34,NULL,NULL,NULL,NULL
741,1259,HTTP://BBQR.IO/BQSOR05406,11/03/2020 16:02,11/03/2020 18:48,NULL,11/03/2020 18:48,NULL,NULL,NULL,NULL
787,1259,HTTP://BBQR.IO/BQSOR05406,12/03/2020 16:39,12/03/2020 18:16,NULL,12/03/2020 18:16,NULL,NULL,NULL,NULL
818,1259,HTTP://BBQR.IO/BQSOR05406,13/03/2020 16:07,13/03/2020 16:54,NULL,13/03/2020 16:54,NULL,NULL,NULL,NULL
829,1259,HTTP://BBQR.IO/BQSOR05406,13/03/2020 20:22,14/03/2020 04:11,NULL,14/03/2020 04:11,NULL,NULL,NULL,NULL
837,1259,HTTP://BBQR.IO/BQSOR05406,14/03/2020 11:19,14/03/2020 12:00,NULL,14/03/2020 12:00,NULL,NULL,NULL,NULL
868,1259,HTTP://BBQR.IO/BQSOR05406,14/03/2020 18:07,14/03/2020 20:24,NULL,14/03/2020 20:24,NULL,NULL,NULL,NULL
883,1259,HTTP://BBQR.IO/BQSOR05406,15/03/2020 10:31,15/03/2020 19:09,NULL,15/03/2020 19:09,NULL,NULL,NULL,NULL
737,1261,HTTP://BBQR.IO/BQSOR05490,11/03/2020 15:34,11/03/2020 15:34,NULL,11/03/2020 15:34,NULL,NULL,NULL,NULL
749,1261,HTTP://BBQR.IO/BQSOR05490,11/03/2020 18:25,11/03/2020 21:18,NULL,11/03/2020 21:18,NULL,NULL,NULL,NULL
789,1261,HTTP://BBQR.IO/BQSOR05490,12/03/2020 17:00,14/03/2020 12:54,NULL,14/03/2020 12:54,NULL,NULL,NULL,NULL
913,1261,HTTP://BBQR.IO/BQSOR05490,15/03/2020 23:37,16/03/2020 00:53,NULL,16/03/2020 00:53,NULL,NULL,NULL,NULL
952,1261,HTTP://BBQR.IO/BQSOR05490,16/03/2020 16:35,16/03/2020 17:39,NULL,16/03/2020 17:39,NULL,NULL,NULL,NULL
757,1262,HTTP://BBQR.IO/BQSOR05480,11/03/2020 20:26,11/03/2020 20:26,NULL,11/03/2020 20:26,NULL,NULL,NULL,NULL
831,1262,HTTP://BBQR.IO/BQSOR05480,13/03/2020 23:08,13/03/2020 23:08,NULL,13/03/2020 23:08,NULL,NULL,NULL,NULL
759,1263,HTTP://BBQR.IO/BQSOR05522,12/03/2020 05:27,12/03/2020 05:28,NULL,12/03/2020 05:28,NULL,NULL,NULL,NULL
1021,1265,HTTP://BBQR.IO/BQBET00371,20/03/2020 13:11,20/03/2020 13:11,NULL,20/03/2020 13:11,NULL,NULL,NULL,NULL
886,1269,HTTP://BBQR.IO/BQBET00295,15/03/2020 12:03,15/03/2020 13:10,NULL,15/03/2020 13:10,NULL,NULL,NULL,NULL
924,1269,HTTP://BBQR.IO/BQBET00295,16/03/2020 09:21,16/03/2020 10:17,NULL,16/03/2020 10:17,NULL,NULL,NULL,NULL
972,1269,HTTP://BBQR.IO/BQBET00295,17/03/2020 10:29,17/03/2020 21:53,NULL,17/03/2020 21:53,NULL,NULL,NULL,NULL
1018,1269,HTTP://BBQR.IO/BQBET00295,20/03/2020 09:19,20/03/2020 10:04,NULL,20/03/2020 10:04,NULL,NULL,NULL,NULL
1029,1269,HTTP://BBQR.IO/BQBET00295,21/03/2020 11:48,21/03/2020 13:52,NULL,21/03/2020 13:52,NULL,NULL,NULL,NULL
1032,1269,HTTP://BBQR.IO/BQBET00295,21/03/2020 17:47,21/03/2020 18:14,NULL,21/03/2020 18:14,NULL,NULL,NULL,NULL
1054,1269,HTTP://BBQR.IO/BQBET00295,26/03/2020 14:30,26/03/2020 15:33,NULL,26/03/2020 15:33,NULL,NULL,NULL,NULL
1057,1269,HTTP://BBQR.IO/BQBET00295,26/03/2020 15:33,26/03/2020 16:13,NULL,26/03/2020 16:13,NULL,NULL,NULL,NULL
1067,1269,HTTP://BBQR.IO/BQBET00295,30/03/2020 13:02,30/03/2020 14:13,NULL,30/03/2020 14:13,NULL,NULL,NULL,NULL
856,1275,HTTP://BBQR.IO/BQBET00291,14/03/2020 15:43,14/03/2020 15:43,NULL,14/03/2020 15:43,NULL,NULL,NULL,NULL
1013,1275,HTTP://BBQR.IO/BQBET00291,20/03/2020 04:26,20/03/2020 08:23,NULL,20/03/2020 08:23,NULL,NULL,NULL,NULL
1058,1275,HTTP://BBQR.IO/BQBET00291,26/03/2020 17:52,26/03/2020 18:40,NULL,26/03/2020 18:40,NULL,NULL,NULL,NULL
845,1276,HTTP://BBQR.IO/BQBET05918,14/03/2020 12:50,14/03/2020 13:48,NULL,14/03/2020 13:48,NULL,NULL,NULL,NULL
861,1278,HTTP://BBQR.IO/BQBET00494,14/03/2020 17:00,14/03/2020 17:00,NULL,NULL,NULL,NULL,NULL,NULL
843,1279,HTTP://BBQR.IO/BQBET01603,14/03/2020 12:40,14/03/2020 12:40,NULL,14/03/2020 12:40,NULL,NULL,NULL,NULL
934,1279,HTTP://BBQR.IO/BQBET01603,16/03/2020 12:06,16/03/2020 16:01,NULL,16/03/2020 16:01,NULL,NULL,NULL,NULL
950,1279,HTTP://BBQR.IO/BQBET01603,16/03/2020 16:02,16/03/2020 17:31,NULL,16/03/2020 17:31,NULL,NULL,NULL,NULL
976,1280,HTTP://BBQR.IO/BQBET01567,17/03/2020 13:02,17/03/2020 20:18,NULL,17/03/2020 20:18,NULL,NULL,NULL,NULL
959,1282,HTTP://BBQR.IO/BQBET06090,16/03/2020 19:07,16/03/2020 19:08,NULL,16/03/2020 19:08,NULL,NULL,NULL,NULL
980,1282,HTTP://BBQR.IO/BQBET06090,17/03/2020 17:15,17/03/2020 18:02,NULL,17/03/2020 18:02,NULL,NULL,NULL,NULL
1000,1282,HTTP://BBQR.IO/BQBET06090,18/03/2020 16:38,18/03/2020 17:42,NULL,18/03/2020 17:42,NULL,NULL,NULL,NULL
850,1283,HTTP://BBQR.IO/BQBET00297,14/03/2020 13:51,14/03/2020 16:05,NULL,14/03/2020 16:05,NULL,NULL,NULL,NULL
937,1283,HTTP://BBQR.IO/BQBET00297,16/03/2020 12:59,16/03/2020 13:37,NULL,16/03/2020 13:37,NULL,NULL,NULL,NULL
1009,1283,HTTP://BBQR.IO/BQBET00297,19/03/2020 18:17,19/03/2020 18:39,NULL,19/03/2020 18:39,NULL,NULL,NULL,NULL
1039,1283,HTTP://BBQR.IO/BQBET00297,23/03/2020 17:48,23/03/2020 18:07,NULL,23/03/2020 18:07,NULL,NULL,NULL,NULL
1046,1283,HTTP://BBQR.IO/BQBET00297,25/03/2020 14:26,25/03/2020 14:58,NULL,25/03/2020 14:58,NULL,NULL,NULL,NULL
1055,1283,HTTP://BBQR.IO/BQBET00297,26/03/2020 14:59,26/03/2020 15:22,NULL,26/03/2020 15:22,NULL,NULL,NULL,NULL
1060,1283,HTTP://BBQR.IO/BQBET00297,27/03/2020 16:46,27/03/2020 21:09,NULL,27/03/2020 21:09,NULL,NULL,NULL,NULL
1065,1283,HTTP://BBQR.IO/BQBET00297,29/03/2020 12:30,29/03/2020 13:26,NULL,29/03/2020 13:26,NULL,NULL,NULL,NULL
887,1284,HTTP://BBQR.IO/BQBET06101,15/03/2020 12:10,15/03/2020 12:12,NULL,15/03/2020 12:12,NULL,NULL,NULL,NULL
888,1284,HTTP://BBQR.IO/BQBET06101,15/03/2020 12:12,15/03/2020 13:55,NULL,15/03/2020 13:55,NULL,NULL,NULL,NULL
984,1287,HTTP://BBQR.IO/BQBET00530,17/03/2020 18:43,17/03/2020 18:43,NULL,17/03/2020 18:43,NULL,NULL,NULL,NULL
985,1287,HTTP://BBQR.IO/BQBET00530,17/03/2020 18:43,17/03/2020 18:44,NULL,17/03/2020 18:44,NULL,NULL,NULL,NULL
844,1288,HTTP://BBQR.IO/BQBET05909,14/03/2020 12:46,14/03/2020 14:09,NULL,14/03/2020 14:09,NULL,NULL,NULL,NULL
859,1288,HTTP://BBQR.IO/BQBET05909,14/03/2020 16:40,14/03/2020 18:53,NULL,14/03/2020 18:53,NULL,NULL,NULL,NULL
889,1288,HTTP://BBQR.IO/BQBET05909,15/03/2020 13:02,15/03/2020 14:31,NULL,15/03/2020 14:31,NULL,NULL,NULL,NULL
933,1288,HTTP://BBQR.IO/BQBET05909,16/03/2020 10:58,16/03/2020 14:01,NULL,16/03/2020 14:01,NULL,NULL,NULL,NULL
967,1288,HTTP://BBQR.IO/BQBET05909,17/03/2020 09:18,17/03/2020 10:51,NULL,17/03/2020 10:51,NULL,NULL,NULL,NULL
966,1290,HTTP://BBQR.IO/BQBET01513,17/03/2020 08:50,17/03/2020 09:29,NULL,17/03/2020 09:29,NULL,NULL,NULL,NULL
941,1291,HTTP://BBQR.IO/BQBET00380,16/03/2020 13:56,16/03/2020 13:56,NULL,16/03/2020 13:56,NULL,NULL,NULL,NULL
974,1291,HTTP://BBQR.IO/BQBET00380,17/03/2020 12:01,17/03/2020 12:20,NULL,17/03/2020 12:20,NULL,NULL,NULL,NULL
977,1291,HTTP://BBQR.IO/BQBET00380,17/03/2020 14:00,17/03/2020 14:42,NULL,17/03/2020 14:42,NULL,NULL,NULL,NULL
1019,1291,HTTP://BBQR.IO/BQBET00380,20/03/2020 10:57,20/03/2020 11:52,NULL,20/03/2020 11:52,NULL,NULL,NULL,NULL
1036,1291,HTTP://BBQR.IO/BQBET00380,23/03/2020 13:40,23/03/2020 14:39,NULL,23/03/2020 14:39,NULL,NULL,NULL,NULL
1043,1291,HTTP://BBQR.IO/BQBET00380,24/03/2020 14:44,24/03/2020 16:30,NULL,24/03/2020 16:30,NULL,NULL,NULL,NULL
1045,1291,HTTP://BBQR.IO/BQBET00380,25/03/2020 14:00,25/03/2020 14:32,NULL,25/03/2020 14:32,NULL,NULL,NULL,NULL
1053,1291,HTTP://BBQR.IO/BQBET00380,26/03/2020 13:06,26/03/2020 14:48,NULL,26/03/2020 14:48,NULL,NULL,NULL,NULL
1059,1291,HTTP://BBQR.IO/BQBET00380,27/03/2020 14:39,28/03/2020 11:19,NULL,28/03/2020 11:19,NULL,NULL,NULL,NULL
1062,1291,HTTP://BBQR.IO/BQBET00380,28/03/2020 11:19,28/03/2020 12:22,NULL,28/03/2020 12:22,NULL,NULL,NULL,NULL
1064,1291,HTTP://BBQR.IO/BQBET00380,29/03/2020 10:47,29/03/2020 11:53,NULL,29/03/2020 11:53,NULL,NULL,NULL,NULL
858,1292,HTTP://BBQR.IO/BQBET01509,14/03/2020 16:11,14/03/2020 17:24,NULL,14/03/2020 17:24,NULL,NULL,NULL,NULL
946,1292,HTTP://BBQR.IO/BQBET01509,16/03/2020 14:45,16/03/2020 15:56,NULL,16/03/2020 15:56,NULL,NULL,NULL,NULL
949,1292,HTTP://BBQR.IO/BQBET01509,16/03/2020 15:56,16/03/2020 16:51,NULL,16/03/2020 16:51,NULL,NULL,NULL,NULL
991,1292,HTTP://BBQR.IO/BQBET01509,18/03/2020 09:54,18/03/2020 12:14,NULL,18/03/2020 12:14,NULL,NULL,NULL,NULL
994,1292,HTTP://BBQR.IO/BQBET01509,18/03/2020 12:14,19/03/2020 17:17,NULL,19/03/2020 17:17,NULL,NULL,NULL,NULL
1015,1292,HTTP://BBQR.IO/BQBET01509,20/03/2020 08:04,20/03/2020 08:33,NULL,20/03/2020 08:33,NULL,NULL,NULL,NULL
1024,1292,HTTP://BBQR.IO/BQBET01509,20/03/2020 15:24,20/03/2020 17:24,NULL,20/03/2020 17:24,NULL,NULL,NULL,NULL
1027,1292,HTTP://BBQR.IO/BQBET01509,20/03/2020 21:11,21/03/2020 11:39,NULL,21/03/2020 11:39,NULL,NULL,NULL,NULL
1028,1292,HTTP://BBQR.IO/BQBET01509,21/03/2020 11:39,21/03/2020 19:19,NULL,21/03/2020 19:19,NULL,NULL,NULL,NULL
1034,1292,HTTP://BBQR.IO/BQBET01509,21/03/2020 19:19,21/03/2020 20:36,NULL,21/03/2020 20:36,NULL,NULL,NULL,NULL
1035,1292,HTTP://BBQR.IO/BQBET01509,22/03/2020 23:08,22/03/2020 23:22,NULL,22/03/2020 23:22,NULL,NULL,NULL,NULL
1040,1292,HTTP://BBQR.IO/BQBET01509,23/03/2020 20:15,23/03/2020 20:29,NULL,23/03/2020 20:29,NULL,NULL,NULL,NULL
1041,1292,HTTP://BBQR.IO/BQBET01509,24/03/2020 11:35,24/03/2020 14:44,NULL,24/03/2020 14:44,NULL,NULL,NULL,NULL
1056,1292,HTTP://BBQR.IO/BQBET01509,26/03/2020 15:33,26/03/2020 15:33,NULL,NULL,NULL,NULL,NULL,NULL
852,1293,HTTP://BBQR.IO/BQBET06099,14/03/2020 14:50,14/03/2020 15:03,NULL,14/03/2020 15:03,NULL,NULL,NULL,NULL
882,1293,HTTP://BBQR.IO/BQBET06099,15/03/2020 09:57,15/03/2020 11:32,NULL,15/03/2020 11:32,NULL,NULL,NULL,NULL
885,1293,HTTP://BBQR.IO/BQBET06099,15/03/2020 11:40,15/03/2020 13:05,NULL,15/03/2020 13:05,NULL,NULL,NULL,NULL
893,1293,HTTP://BBQR.IO/BQBET06099,15/03/2020 13:19,15/03/2020 13:46,NULL,15/03/2020 13:46,NULL,NULL,NULL,NULL
862,1297,HTTP://BBQR.IO/BQBET06081,14/03/2020 17:12,16/03/2020 18:20,NULL,16/03/2020 18:20,NULL,NULL,NULL,NULL
1011,1297,HTTP://BBQR.IO/BQBET06081,19/03/2020 19:05,19/03/2020 19:31,NULL,19/03/2020 19:31,NULL,NULL,NULL,NULL
1012,1297,HTTP://BBQR.IO/BQBET06081,19/03/2020 19:31,19/03/2020 19:31,NULL,19/03/2020 19:31,NULL,NULL,NULL,NULL
1017,1297,HTTP://BBQR.IO/BQBET06081,20/03/2020 09:04,20/03/2020 10:16,NULL,20/03/2020 10:16,NULL,NULL,NULL,NULL
841,1298,HTTP://BBQR.IO/BQBET01568,14/03/2020 12:29,14/03/2020 12:31,NULL,14/03/2020 12:31,NULL,NULL,NULL,NULL
842,1298,HTTP://BBQR.IO/BQBET01568,14/03/2020 12:32,14/03/2020 19:32,NULL,14/03/2020 19:32,NULL,NULL,NULL,NULL
825,1299,HTTP://BBQR.IO/BQBET01604,13/03/2020 18:00,13/03/2020 18:00,NULL,13/03/2020 18:00,NULL,NULL,NULL,NULL
920,1299,HTTP://BBQR.IO/BQBET01604,16/03/2020 08:34,16/03/2020 08:35,NULL,16/03/2020 08:35,NULL,NULL,NULL,NULL
872,1300,HTTP://BBQR.IO/BQBET00629,14/03/2020 19:59,14/03/2020 20:00,NULL,14/03/2020 20:00,NULL,NULL,NULL,NULL
898,1300,HTTP://BBQR.IO/BQBET00629,15/03/2020 14:30,15/03/2020 14:30,NULL,15/03/2020 14:30,NULL,NULL,NULL,NULL
899,1300,HTTP://BBQR.IO/BQBET00629,15/03/2020 14:30,15/03/2020 15:18,NULL,15/03/2020 15:18,NULL,NULL,NULL,NULL
896,1301,HTTP://BBQR.IO/BQBET01585,15/03/2020 14:17,15/03/2020 14:24,NULL,15/03/2020 14:24,NULL,NULL,NULL,NULL
897,1301,HTTP://BBQR.IO/BQBET01585,15/03/2020 14:26,15/03/2020 18:22,NULL,15/03/2020 18:22,NULL,NULL,NULL,NULL
944,1301,HTTP://BBQR.IO/BQBET01585,16/03/2020 14:43,16/03/2020 14:43,NULL,16/03/2020 14:43,NULL,NULL,NULL,NULL
1002,1302,HTTP://BBQR.IO/BQBET00643,18/03/2020 17:15,18/03/2020 17:15,NULL,18/03/2020 17:15,NULL,NULL,NULL,NULL
1003,1302,HTTP://BBQR.IO/BQBET00643,18/03/2020 17:26,18/03/2020 18:19,NULL,18/03/2020 18:19,NULL,NULL,NULL,NULL
848,1303,HTTP://BBQR.IO/BQBET05941,14/03/2020 13:37,14/03/2020 19:13,NULL,14/03/2020 19:13,NULL,NULL,NULL,NULL
879,1305,HTTP://BBQR.IO/BQBET01573,14/03/2020 23:47,14/03/2020 23:48,NULL,14/03/2020 23:48,NULL,NULL,NULL,NULL
901,1305,HTTP://BBQR.IO/BQBET01573,15/03/2020 15:03,15/03/2020 16:36,NULL,15/03/2020 16:36,NULL,NULL,NULL,NULL
876,1307,HTTP://BBQR.IO/BQBET01507,14/03/2020 21:09,14/03/2020 21:13,NULL,14/03/2020 21:13,NULL,NULL,NULL,NULL
998,1307,HTTP://BBQR.IO/BQBET01507,18/03/2020 14:22,18/03/2020 14:59,NULL,18/03/2020 14:59,NULL,NULL,NULL,NULL
835,1308,HTTP://BBQR.IO/BQBET01417,14/03/2020 10:03,14/03/2020 10:03,NULL,NULL,NULL,NULL,NULL,NULL
836,1309,HTTP://BBQR.IO/BQBET00290,14/03/2020 10:58,14/03/2020 10:58,NULL,14/03/2020 10:58,NULL,NULL,NULL,NULL
847,1309,HTTP://BBQR.IO/BQBET00290,14/03/2020 13:18,14/03/2020 13:53,NULL,14/03/2020 13:53,NULL,NULL,NULL,NULL
916,1309,HTTP://BBQR.IO/BQBET00290,16/03/2020 08:00,16/03/2020 08:52,NULL,16/03/2020 08:52,NULL,NULL,NULL,NULL
955,1309,HTTP://BBQR.IO/BQBET00290,16/03/2020 17:39,16/03/2020 18:35,NULL,16/03/2020 18:35,NULL,NULL,NULL,NULL
997,1309,HTTP://BBQR.IO/BQBET00290,18/03/2020 13:36,18/03/2020 14:06,NULL,18/03/2020 14:06,NULL,NULL,NULL,NULL
1042,1309,HTTP://BBQR.IO/BQBET00290,24/03/2020 13:36,24/03/2020 14:13,NULL,24/03/2020 14:13,NULL,NULL,NULL,NULL
1050,1309,HTTP://BBQR.IO/BQBET00290,25/03/2020 17:43,25/03/2020 18:30,NULL,25/03/2020 18:30,NULL,NULL,NULL,NULL
1061,1309,HTTP://BBQR.IO/BQBET00290,27/03/2020 17:19,27/03/2020 18:02,NULL,27/03/2020 18:02,NULL,NULL,NULL,NULL
863,1313,HTTP://BBQR.IO/BQBET00560,14/03/2020 17:16,14/03/2020 17:55,NULL,14/03/2020 17:55,NULL,NULL,NULL,NULL
855,1314,HTTP://BBQR.IO/BQBET01572,14/03/2020 15:40,14/03/2020 15:40,NULL,NULL,NULL,NULL,NULL,NULL
884,1315,HTTP://BBQR.IO/BQBET01575,15/03/2020 10:57,15/03/2020 11:15,NULL,15/03/2020 11:15,NULL,NULL,NULL,NULL
894,1315,HTTP://BBQR.IO/BQBET01575,15/03/2020 13:31,15/03/2020 16:03,NULL,15/03/2020 16:03,NULL,NULL,NULL,NULL
968,1315,HTTP://BBQR.IO/BQBET01575,17/03/2020 09:30,17/03/2020 19:47,NULL,17/03/2020 19:47,NULL,NULL,NULL,NULL
864,1318,HTTP://BBQR.IO/BQBET01584,14/03/2020 17:25,14/03/2020 17:26,NULL,14/03/2020 17:26,NULL,NULL,NULL,NULL
865,1318,HTTP://BBQR.IO/BQBET01584,14/03/2020 17:26,14/03/2020 17:28,NULL,14/03/2020 17:28,NULL,NULL,NULL,NULL
867,1318,HTTP://BBQR.IO/BQBET01584,14/03/2020 17:32,14/03/2020 17:32,NULL,14/03/2020 17:32,NULL,NULL,NULL,NULL
902,1318,HTTP://BBQR.IO/BQBET01584,15/03/2020 15:36,15/03/2020 15:45,NULL,15/03/2020 15:45,NULL,NULL,NULL,NULL
918,1318,HTTP://BBQR.IO/BQBET01584,16/03/2020 08:02,16/03/2020 08:57,NULL,16/03/2020 08:57,NULL,NULL,NULL,NULL
965,1318,HTTP://BBQR.IO/BQBET01584,17/03/2020 08:14,17/03/2020 08:58,NULL,17/03/2020 08:58,NULL,NULL,NULL,NULL
975,1318,HTTP://BBQR.IO/BQBET01584,17/03/2020 13:00,17/03/2020 13:41,NULL,17/03/2020 13:41,NULL,NULL,NULL,NULL
992,1318,HTTP://BBQR.IO/BQBET01584,18/03/2020 11:17,18/03/2020 12:07,NULL,18/03/2020 12:07,NULL,NULL,NULL,NULL
869,1319,HTTP://BBQR.IO/BQBET06104,14/03/2020 18:10,14/03/2020 18:12,NULL,14/03/2020 18:12,NULL,NULL,NULL,NULL
919,1319,HTTP://BBQR.IO/BQBET06104,16/03/2020 08:07,16/03/2020 08:58,NULL,16/03/2020 08:58,NULL,NULL,NULL,NULL
926,1319,HTTP://BBQR.IO/BQBET06104,16/03/2020 09:48,16/03/2020 11:03,NULL,16/03/2020 11:03,NULL,NULL,NULL,NULL
953,1319,HTTP://BBQR.IO/BQBET06104,16/03/2020 16:40,16/03/2020 18:10,NULL,16/03/2020 18:10,NULL,NULL,NULL,NULL
956,1319,HTTP://BBQR.IO/BQBET06104,16/03/2020 18:16,16/03/2020 18:47,NULL,16/03/2020 18:47,NULL,NULL,NULL,NULL
1004,1319,HTTP://BBQR.IO/BQBET06104,18/03/2020 19:59,18/03/2020 21:02,NULL,18/03/2020 21:02,NULL,NULL,NULL,NULL
1006,1319,HTTP://BBQR.IO/BQBET06104,19/03/2020 08:19,19/03/2020 08:43,NULL,19/03/2020 08:43,NULL,NULL,NULL,NULL
1030,1319,HTTP://BBQR.IO/BQBET06104,21/03/2020 12:30,21/03/2020 12:31,NULL,21/03/2020 12:31,NULL,NULL,NULL,NULL
1031,1319,HTTP://BBQR.IO/BQBET06104,21/03/2020 13:00,21/03/2020 16:16,NULL,21/03/2020 16:16,NULL,NULL,NULL,NULL
1048,1319,HTTP://BBQR.IO/BQBET06104,25/03/2020 17:06,25/03/2020 17:51,NULL,25/03/2020 17:51,NULL,NULL,NULL,NULL
877,1320,HTTP://BBQR.IO/BQBET01514,14/03/2020 21:42,14/03/2020 21:43,NULL,14/03/2020 21:43,NULL,NULL,NULL,NULL
891,1322,HTTP://BBQR.IO/BQBET00531,15/03/2020 13:17,15/03/2020 13:18,NULL,15/03/2020 13:18,NULL,NULL,NULL,NULL
935,1322,HTTP://BBQR.IO/BQBET00531,16/03/2020 12:24,16/03/2020 13:01,NULL,16/03/2020 13:01,NULL,NULL,NULL,NULL
938,1322,HTTP://BBQR.IO/BQBET00531,16/03/2020 13:02,16/03/2020 13:44,NULL,16/03/2020 13:44,NULL,NULL,NULL,NULL
970,1322,HTTP://BBQR.IO/BQBET00531,17/03/2020 10:22,17/03/2020 11:18,NULL,17/03/2020 11:18,NULL,NULL,NULL,NULL
973,1322,HTTP://BBQR.IO/BQBET00531,17/03/2020 11:18,17/03/2020 12:49,NULL,17/03/2020 12:49,NULL,NULL,NULL,NULL
993,1322,HTTP://BBQR.IO/BQBET00531,18/03/2020 11:59,18/03/2020 15:19,NULL,18/03/2020 15:19,NULL,NULL,NULL,NULL
1008,1322,HTTP://BBQR.IO/BQBET00531,19/03/2020 15:51,19/03/2020 16:24,NULL,19/03/2020 16:24,NULL,NULL,NULL,NULL
1020,1322,HTTP://BBQR.IO/BQBET00531,20/03/2020 12:39,20/03/2020 14:10,NULL,20/03/2020 14:10,NULL,NULL,NULL,NULL
1023,1322,HTTP://BBQR.IO/BQBET00531,20/03/2020 14:11,20/03/2020 17:01,NULL,20/03/2020 17:01,NULL,NULL,NULL,NULL
1037,1322,HTTP://BBQR.IO/BQBET00531,23/03/2020 14:01,23/03/2020 16:02,NULL,23/03/2020 16:02,NULL,NULL,NULL,NULL
911,1323,HTTP://BBQR.IO/BQBET06100,15/03/2020 21:00,17/03/2020 18:38,NULL,17/03/2020 18:38,NULL,NULL,NULL,NULL
1063,1323,HTTP://BBQR.IO/BQBET06100,28/03/2020 11:53,28/03/2020 11:53,NULL,NULL,NULL,NULL,NULL,NULL
969,1324,HTTP://BBQR.IO/BQBET06076,17/03/2020 09:43,17/03/2020 11:49,NULL,17/03/2020 11:49,NULL,NULL,NULL,NULL
958,1325,HTTP://BBQR.IO/BQSOR05659,16/03/2020 18:37,16/03/2020 19:32,NULL,16/03/2020 19:32,NULL,NULL,NULL,NULL
961,1325,HTTP://BBQR.IO/BQSOR05659,16/03/2020 20:00,16/03/2020 20:00,NULL,16/03/2020 20:00,NULL,NULL,NULL,NULL
964,1325,HTTP://BBQR.IO/BQSOR05659,17/03/2020 08:01,17/03/2020 08:34,NULL,17/03/2020 08:34,NULL,NULL,NULL,NULL
999,1325,HTTP://BBQR.IO/BQSOR05659,18/03/2020 16:22,18/03/2020 17:22,NULL,18/03/2020 17:22,NULL,NULL,NULL,NULL
943,1326,HTTP://BBQR.IO/BQBET01607,16/03/2020 14:18,16/03/2020 14:21,NULL,16/03/2020 14:21,NULL,NULL,NULL,NULL
945,1326,HTTP://BBQR.IO/BQBET01607,16/03/2020 14:44,16/03/2020 16:31,NULL,16/03/2020 16:31,NULL,NULL,NULL,NULL
1016,1328,HTTP://BBQR.IO/BQBET00476,20/03/2020 08:54,20/03/2020 09:50,NULL,20/03/2020 09:50,NULL,NULL,NULL,NULL
1026,1328,HTTP://BBQR.IO/BQBET00476,20/03/2020 18:43,20/03/2020 21:25,NULL,20/03/2020 21:25,NULL,NULL,NULL,NULL
1033,1328,HTTP://BBQR.IO/BQBET00476,21/03/2020 18:06,21/03/2020 18:55,NULL,21/03/2020 18:55,NULL,NULL,NULL,NULL
1038,1328,HTTP://BBQR.IO/BQBET00476,23/03/2020 14:07,23/03/2020 16:57,NULL,23/03/2020 16:57,NULL,NULL,NULL,NULL
1044,1328,HTTP://BBQR.IO/BQBET00476,25/03/2020 09:08,25/03/2020 14:29,NULL,25/03/2020 14:29,NULL,NULL,NULL,NULL
1051,1328,HTTP://BBQR.IO/BQBET00476,25/03/2020 18:37,25/03/2020 20:02,NULL,25/03/2020 20:02,NULL,NULL,NULL,NULL
978,1330,HTTP://BBQR.IO/BQBET01579,17/03/2020 15:48,17/03/2020 15:48,NULL,17/03/2020 15:48,NULL,NULL,NULL,NULL
983,1331,HTTP://BBQR.IO/BQBET00627,17/03/2020 18:36,17/03/2020 18:37,NULL,17/03/2020 18:37,NULL,NULL,NULL,NULL
995,1331,HTTP://BBQR.IO/BQBET00627,18/03/2020 12:48,18/03/2020 12:54,NULL,18/03/2020 12:54,NULL,NULL,NULL,NULL
996,1331,HTTP://BBQR.IO/BQBET00627,18/03/2020 12:55,18/03/2020 14:10,NULL,18/03/2020 14:10,NULL,NULL,NULL,NULL
1022,1331,HTTP://BBQR.IO/BQBET00627,20/03/2020 13:53,20/03/2020 15:44,NULL,20/03/2020 15:44,NULL,NULL,NULL,NULL
1047,1333,HTTP://BBQR.IO/BQSOR05080,25/03/2020 16:12,25/03/2020 23:32,NULL,25/03/2020 23:32,NULL,NULL,NULL,NULL
1052,1333,HTTP://BBQR.IO/BQSOR05080,25/03/2020 23:32,25/03/2020 23:32,NULL,NULL,NULL,NULL,NULL,NULL
id,user_id,bag_id,created_at,updated_at,completed_at,cancelled_at,distance_travelled,primary_transport_method,another_bag_seen,reward_id
